Timestamp,Product Name,Expiry Date,Quantity,Unit Price,Channel,Payment Method,Discount,Final Price
2023-04-18,Wine - White Pinot Grigio,2023-06-10,6,122.47,Store,Visa,5.0000,698.079
2023-04-09,Pepper - Red Thai,2023-05-22,5,23.18,Store,Cash,0.0000,115.9
2023-05-09,Wine - Chardonnay Mondavi,2023-08-04,7,189.74,Store,Cash,5.0000,1261.771
2023-04-09,External Supplier,2023-05-23,14,9.92,App,Visa,11.0000,123.6032
2023-03-27,Beans - Black Bean Preserved,2023-05-28,13,145.85,Store,Cash,7.0000,1763.3265
2023-04-27,Beef - Inside Round,2023-07-18,9,247.62,Store,Visa,5.0000,2117.151
2023-05-02,Bread - Calabrese Baguette,2023-05-28,1,111.21,Store,Visa,4.5000,106.20554999999999
2023-03-17,Zucchini - Mini Green,2023-05-05,15,146.75,Store,Visa,7.5000,2036.15625
2023-03-22,Eggs - Extra Large,2023-04-08,16,48.05,App,Visa,16.5000,641.948
2023-05-11,Pork - Liver,2023-07-20,17,191.13,Store,Visa,7.5000,3005.5192500000003
2023-04-04,Sesame Seed,2023-06-08,4,62.69,Store,Cash,0.0000,250.76
2023-04-14,Tuna - Yellowfin,2023-05-23,9,183.3,Store,Cash,5.0000,1567.215
2023-04-23,Wine - Magnotta - Belpaese,2023-05-12,9,101.36,Store,Cash,8.0000,839.2608
2023-04-26,Bar Bran Honey Nut,2023-07-20,15,13.21,Store,Cash,10.0000,178.335
2023-04-23,Cake - French Pear Tart,2023-07-11,12,215.63,Store,Cash,7.0000,2406.4307999999996
2023-04-24,Carbonated Water - Wildberry,2023-07-19,2,19.31,Store,Cash,0.0000,38.62
2023-04-06,Pork - Ham Virginia,2023-06-18,14,208.26,Store,Cash,7.0000,2711.5451999999996
2023-04-30,Wine - Prosecco Valdobienne,2023-06-01,15,221.11,Store,Visa,7.5000,3067.9012500000003
2023-04-23,Lettuce - Boston Bib - Organic,2023-06-13,6,96.43,Store,Visa,5.0000,549.6510000000001
2023-04-05,Wine - Marlbourough Sauv Blanc,2023-04-10,4,233.83,App,Visa,15.0000,795.022
2023-04-13,Longos - Chicken Cordon Bleu,2023-05-28,16,193.04,Store,Cash,10.0000,2779.776
2023-04-19,Beef Striploin Aaa,2023-06-06,9,81.77,Store,Cash,5.0000,699.1334999999999
2023-04-29,Sauce - Oyster,2023-05-15,2,69.06,App,Visa,9.5000,124.99860000000001
2023-04-03,Barley - Pearl,2023-05-29,3,94.98,App,Visa,5.0000,270.693
2023-05-09,Cheese Cloth No 60,2023-06-20,16,49.41,App,Visa,15.0000,671.9759999999999
2023-03-25,Cut Wakame - Hanawakaba,2023-06-17,16,190.34,Store,Cash,10.0000,2740.896
2023-05-12,Kolrabi,2023-05-20,14,29.13,App,Visa,18.5000,332.3733
2023-05-03,Coffee - Espresso,2023-05-31,12,61.91,App,Visa,11.0000,661.1988
2023-04-29,Beef - Kindney Whole,2023-04-30,14,7.41,Store,Visa,18.0000,85.06680000000001
2023-05-10,Honey - Comb,2023-07-03,3,97.54,Store,Visa,5.0000,277.989
2023-04-19,Soup Campbells Turkey Veg.,2023-04-24,1,1.86,Store,Cash,25.0000,1.395
2023-04-15,Syrup - Monin - Blue Curacao,2023-04-19,9,62.85,Store,Visa,15.5000,477.97425
2023-04-21,Coffee Beans - Chocolate,2023-07-15,15,29.33,Store,Cash,10.0000,395.955
2023-04-13,Wine - Vidal Icewine Magnotta,2023-05-29,17,220.37,App,Visa,15.0000,3184.3465
2023-03-29,Island Oasis - Peach Daiquiri,2023-06-18,16,128.13,Store,Visa,7.5000,1896.324
2023-04-04,Lychee,2023-07-01,4,16.08,Store,Cash,0.0000,64.32
2023-03-17,Contreau,2023-04-16,11,222.63,App,Visa,11.0000,2179.5477
2023-04-08,Cheese - Taleggio D.o.p.,2023-04-27,1,205.18,Store,Visa,10.5000,183.6361
2023-03-30,Persimmons,2023-05-01,14,80.81,Store,Cash,7.0000,1052.1462000000001
2023-03-29,Towels - Paper / Kraft,2023-05-02,7,17.24,Store,Cash,5.0000,114.64599999999999
2023-03-27,Pastry - Cheese Baked Scones,2023-06-08,11,232.08,App,Visa,12.5000,2233.77
2023-04-07,Honey - Liquid,2023-07-01,16,103.96,Store,Cash,10.0000,1497.024
2023-04-09,Veal - Bones,2023-06-30,14,48.36,App,Visa,11.0000,602.5656
2023-04-08,Beets,2023-04-15,16,108.46,Store,Cash,16.5000,1449.0256
2023-04-25,Wine - Saint Emilion Calvet,2023-06-05,5,31.56,App,Visa,5.0000,149.90999999999997
2023-04-13,Coffee - Ristretto Coffee Capsule,2023-06-23,12,234.0,Store,Visa,6.0000,2639.52
2023-03-21,Beef - Tenderlion Center Cut,2023-04-08,7,245.12,Store,Visa,8.5000,1569.9936000000002
2023-04-12,Pails With Lids,2023-07-08,5,156.56,App,Visa,5.0000,743.66
2023-04-22,Wine - Cousino Macul Antiguas,2023-05-26,1,78.82,Store,Visa,5.0000,74.87899999999999
2023-03-25,Puree - Mango,2023-06-20,7,236.95,Store,Cash,5.0000,1575.7174999999997
2023-04-15,Soup - Campbells Chili,2023-06-13,3,167.22,Store,Cash,0.0000,501.65999999999997
2023-04-02,Table Cloth 91x91 Colour,2023-05-11,1,132.54,App,Visa,5.0000,125.91299999999998
2023-05-01,Apron,2023-07-17,6,139.54,Store,Cash,5.0000,795.3779999999999
2023-04-17,Chocolate - Mi - Amere Semi,2023-07-04,6,227.37,App,Visa,7.5000,1261.9035000000001
2023-04-05,Tomatoes - Plum Canned,2023-05-31,10,68.25,Store,Cash,7.0000,634.7249999999999
2023-04-14,Oysters - Smoked,2023-07-08,15,66.86,App,Visa,12.5000,877.5375
2023-04-19,Pork - Chop Frenched,2023-05-07,2,154.51,Store,Cash,12.0000,271.9376
2023-05-10,Pastry - Baked Cinnamon Stick,2023-05-16,12,64.08,App,Visa,19.5000,619.0128
2023-04-03,Bread Foccacia Whole,2023-04-18,1,198.9,App,Visa,10.0000,179.01000000000002
2023-04-07,Tuna - Loin,2023-06-16,7,26.01,App,Visa,7.5000,168.41475000000003
2023-04-02,Corn Syrup,2023-04-27,8,124.55,App,Visa,7.5000,921.6700000000001
2023-05-05,Wine - Bouchard La Vignee Pinot,2023-05-06,5,202.72,App,Visa,17.0000,841.2880000000001
2023-04-20,Lamb - Pieces Diced,2023-06-12,5,85.41,Store,Cash,0.0000,427.04999999999995
2023-04-08,Cocoa Butter,2023-04-10,3,149.72,App,Visa,16.5000,375.04859999999996
2023-03-30,Juice - Apple 284ml,2023-05-12,2,24.63,Store,Cash,0.0000,49.26
2023-04-03,Tomato - Plum With Basil,2023-06-25,3,71.15,Store,Cash,0.0000,213.45000000000002
2023-04-18,Wine - Magnotta White,2023-06-12,4,136.58,Store,Cash,5.0000,519.004
2023-04-01,Veal - Knuckle,2023-05-10,10,186.71,Store,Cash,7.0000,1736.403
2023-04-12,Sugar - Brown,2023-04-28,13,218.79,App,Visa,14.5000,2431.85085
2023-04-03,Mix - Cocktail Ice Cream,2023-05-29,15,94.51,Store,Cash,10.0000,1275.8850000000002
2023-04-11,Bread Base - Gold Formel,2023-04-17,6,83.09,App,Visa,17.0000,413.7882000000001
2023-04-25,Salmon - Whole 4 - 6 Pounds,2023-06-09,9,188.02,Store,Cash,5.0000,1607.571
2023-04-27,Lettuce - Radicchio,2023-06-26,12,227.89,Store,Cash,7.0000,2543.2524
2023-03-21,Wood Chips - Regular,2023-06-06,17,191.65,App,Visa,15.0000,2769.3425
2023-04-04,Pails With Lids,2023-06-01,1,88.1,App,Visa,5.0000,83.695
2023-04-29,Strawberries,2023-05-28,2,148.88,App,Visa,5.0000,282.87199999999996
2023-05-01,Bread - Pita,2023-05-10,2,130.58,Store,Cash,21.0000,206.31640000000002
2023-04-12,Hand Towel,2023-05-01,12,219.89,Store,Cash,9.0000,2401.1988
2023-04-12,Ice Cream - Chocolate,2023-05-30,6,175.97,App,Visa,7.5000,976.6335
2023-04-16,Lid - 16 Oz And 32 Oz,2023-04-17,10,105.73,Store,Cash,18.0000,866.986
2023-03-17,Mayonnaise,2023-03-22,12,100.57,Store,Cash,16.0000,1013.7455999999999
2023-04-06,Tarts Assorted,2023-06-26,3,172.63,Store,Visa,5.0000,491.99549999999994
2023-05-04,Butter - Salted,2023-06-13,14,105.08,Store,Cash,7.0000,1368.1415999999997
2023-03-27,Amaretto,2023-05-28,13,6.89,Store,Cash,7.0000,83.30009999999999
2023-04-03,Bread - White Mini Epi,2023-06-21,17,21.35,Store,Cash,10.0000,326.65500000000003
2023-04-12,Lamb - Bones,2023-06-13,16,111.07,App,Visa,15.0000,1510.552
2023-04-26,Bagelers - Cinn / Brown Sugar,2023-06-23,12,210.78,Store,Cash,7.0000,2352.3048
2023-05-04,Soup - Campbells Beef Barley,2023-05-28,17,206.53,Store,Visa,8.0000,3230.1292000000003
2023-03-24,Pasta - Fettuccine Egg Fresh,2023-06-02,6,166.99,Store,Cash,5.0000,951.843
2023-05-03,Nut - Almond Blanched Whole,2023-07-14,9,53.84,Store,Cash,5.0000,460.33200000000005
2023-03-17,Wine - White Schroder And Schyl,2023-03-23,13,165.67,Store,Cash,15.5000,1819.88495
2023-05-02,Soup - Knorr Chicken Gumbo,2023-05-11,3,236.76,Store,Cash,21.0000,561.1212
2023-04-26,Wine - Red Colio Cabernet,2023-04-27,14,150.82,Store,Visa,18.0000,1731.4136
2023-05-02,Thyme - Lemon Fresh,2023-05-29,14,88.35,Store,Cash,5.0000,1175.0549999999998
2023-03-13,Honey - Lavender,2023-04-13,1,11.79,App,Visa,5.0000,11.200499999999998
2023-05-05,Cake - Bande Of Fruit,2023-05-10,11,43.91,App,Visa,20.0000,386.408
2023-04-08,Veal - Insides Provini,2023-04-26,11,40.81,App,Visa,13.5000,388.30715000000004
2023-03-20,Cheese - Taleggio D.o.p.,2023-03-25,10,194.85,Store,Visa,17.5000,1607.5124999999998
2023-04-20,Table Cloth 54x54 Colour,2023-07-03,15,186.31,Store,Cash,10.0000,2515.185
2023-03-18,Nut - Walnut Chopped,2023-05-03,14,180.3,App,Visa,11.0000,2246.5380000000005
2023-04-26,Turkey - Whole Fresh,2023-06-17,17,138.43,Store,Cash,10.0000,2117.979
2023-04-12,Ocean Spray - Ruby Red,2023-07-02,5,148.87,Store,Cash,0.0000,744.35
2023-04-24,Nantucket - Orange Mango Cktl,2023-06-05,6,161.12,Store,Cash,5.0000,918.384
2023-04-12,Flower - Carnations,2023-05-21,6,229.61,Store,Cash,5.0000,1308.777
2023-04-29,Tequila - Sauza Silver,2023-06-30,3,24.27,Store,Cash,0.0000,72.81
2023-04-17,Soup - Base Broth Beef,2023-05-21,14,55.81,Store,Visa,6.0000,734.4596
2023-05-04,Mikes Hard Lemonade,2023-05-24,5,62.32,Store,Cash,10.0000,280.44000000000005
2023-03-31,Pasta - Lasagna Dry,2023-06-01,12,8.24,Store,Visa,6.0000,92.9472
2023-04-06,Ginsing - Fresh,2023-06-19,9,92.93,Store,Visa,5.0000,794.5515
2023-05-03,Capon - Breast Wing On,2023-07-27,9,171.96,App,Visa,7.5000,1431.5670000000002
2023-05-07,Chocolate - Semi Sweet Calets,2023-07-30,15,197.52,Store,Cash,10.0000,2666.5200000000004
2023-03-20,Tray - 16in Rnd Blk,2023-06-16,12,7.88,App,Visa,11.0000,84.1584
2023-05-08,Coffee - Frthy Coffee Crisp,2023-05-31,16,22.75,App,Visa,15.0000,309.4
2023-05-04,Schnappes Peppermint - Walker,2023-05-20,6,19.59,App,Visa,12.0000,103.4352
2023-03-20,Wine - White Lindemans Bin 95,2023-04-19,9,182.21,Store,Cash,5.0000,1557.8955
2023-05-08,Coffee Cup 12oz 5342cd,2023-07-15,10,130.1,App,Visa,8.5000,1190.415
2023-03-21,Paper - Brown Paper Mini Cups,2023-06-05,6,5.63,Store,Cash,5.0000,32.091
2023-04-30,Coffee - Frthy Coffee Crisp,2023-07-17,15,177.35,Store,Cash,10.0000,2394.225
2023-05-03,Tea - Orange Pekoe,2023-05-20,1,71.36,App,Visa,9.0000,64.9376
2023-05-02,Muffin Mix - Raisin Bran,2023-06-29,11,171.22,App,Visa,11.0000,1676.2438000000002
2023-03-23,Jack Daniels,2023-06-14,17,210.22,Store,Cash,30.0000,2501.6179999999995
2023-04-22,Beef - Ground Medium,2023-07-05,14,174.09,App,Visa,11.0000,2169.1614000000004
2023-04-25,Onion Powder,2023-05-03,15,136.9,Store,Cash,16.0000,1724.9399999999998
2023-04-02,Tomatoes - Grape,2023-06-28,13,164.11,App,Visa,11.0000,1898.7527000000002
2023-03-22,Wine - Chenin Blanc K.w.v.,2023-06-07,11,184.55,App,Visa,11.0000,1806.7445000000002
2023-04-04,Quail - Eggs Fresh,2023-04-28,13,222.23,Store,Cash,6.5000,2701.20565
2023-04-16,Bread - Pumpernickel,2023-05-12,11,182.41,Store,Cash,5.5000,1896.15195
2023-03-16,Apples - Spartan,2023-06-06,6,127.75,Store,Visa,5.0000,728.175
2023-04-05,Snails - Large Canned,2023-06-10,8,158.15,Store,Visa,5.0000,1201.94
2023-03-13,Eggplant - Baby,2023-04-18,3,241.88,App,Visa,5.0000,689.358
2023-04-13,Wine - Rioja Campo Viejo,2023-05-10,15,165.9,App,Visa,12.5000,2177.4375
2023-04-20,Wine - Rosso Toscano Igt,2023-04-25,1,188.66,App,Visa,15.0000,160.361
2023-04-06,Wine - Blue Nun Qualitatswein,2023-04-08,7,228.35,Store,Cash,16.5000,1334.70575
2023-04-11,Ecolab Crystal Fusion,2023-07-07,5,90.56,App,Visa,5.0000,430.15999999999997
2023-04-24,Ecolab Crystal Fusion,2023-07-23,9,92.27,Store,Cash,5.0000,788.9084999999999
2023-03-28,Sauce - White Mix,2023-05-02,13,194.21,App,Visa,11.0000,2247.0097
2023-04-15,Lobak,2023-06-11,15,91.02,Store,Visa,7.5000,1262.9025
2023-04-09,Pasta - Shells Medium Dry,2023-04-11,3,212.35,App,Visa,16.5000,531.93675
2023-05-10,Tomatoes Tear Drop Yellow,2023-06-03,13,45.47,Store,Visa,6.5000,552.68785
2023-05-05,Melon - Honey Dew,2023-07-27,12,167.18,Store,Cash,7.0000,1865.7287999999999
2023-03-23,Dried Cranberries,2023-04-25,16,166.28,Store,Visa,30.0000,1862.3359999999998
2023-03-26,Bagels Poppyseed,2023-05-10,8,80.83,App,Visa,7.5000,598.142
2023-04-23,Mushroom - Crimini,2023-06-08,15,217.8,App,Visa,12.5000,2858.625
2023-04-28,Spice - Peppercorn Melange,2023-06-16,7,234.14,App,Visa,7.5000,1516.0565000000001
2023-03-19,Fruit Salad Deluxe,2023-05-22,4,148.25,Store,Visa,5.0000,563.35
2023-03-25,Mountain Dew,2023-04-07,13,62.12,Store,Cash,12.0000,710.6528
2023-03-19,Pur Value,2023-04-12,4,9.19,App,Visa,5.5000,34.7382
2023-03-18,Remy Red Berry Infusion,2023-05-26,7,38.18,App,Visa,7.5000,247.2155
2023-04-27,Chestnuts - Wholecanned,2023-06-14,9,38.44,App,Visa,7.5000,320.013
2023-03-20,Pork - Sausage Medium,2023-04-06,6,233.63,Store,Cash,9.0000,1275.6198
2023-03-17,Apple - Royal Gala,2023-05-03,10,235.0,Store,Cash,7.0000,2185.5
2023-04-24,Oil - Cooking Spray,2023-05-30,14,83.2,App,Visa,11.0000,1036.672
2023-04-26,Tuna - Bluefin,2023-05-02,5,9.57,Store,Cash,24.0000,36.366
2023-03-22,Pepper - Green Thai,2023-04-22,1,64.88,Store,Cash,0.0000,64.88
2023-05-06,Mustard - Individual Pkg,2023-07-29,14,161.8,Store,Cash,7.0000,2106.636
2023-05-12,Pepper - Julienne Frozen,2023-07-20,10,135.67,App,Visa,8.5000,1241.3805
2023-04-25,Hummus - Spread,2023-05-03,17,135.48,Store,Cash,16.0000,1934.6544
2023-03-13,Absolut Citron,2023-05-25,9,62.42,Store,Visa,5.0000,533.6909999999999
2023-05-10,Salad Dressing,2023-05-24,6,150.28,Store,Cash,10.5000,807.0036000000001
2023-03-21,Yogurt - Assorted Pack,2023-05-06,11,64.81,App,Visa,11.0000,634.4899
2023-04-21,Soap - Hand Soap,2023-05-26,6,83.29,Store,Cash,5.0000,474.753
2023-05-04,Barley - Pearl,2023-06-30,2,123.76,App,Visa,5.0000,235.144
2023-04-20,Appetizer - Sausage Rolls,2023-06-25,8,75.13,Store,Cash,5.0000,570.9879999999999
2023-03-16,Lemons,2023-03-31,17,247.42,App,Visa,17.5000,3470.0654999999992
2023-04-28,Cake - Miini Cheesecake Cherry,2023-05-31,12,127.02,Store,Cash,8.5000,1394.6796000000002
2023-04-05,Table Cloth 72x144 White,2023-06-27,17,229.19,Store,Visa,7.5000,3604.0127500000003
2023-03-17,Sword Pick Asst,2023-04-15,1,204.31,Store,Visa,3.0000,198.1807
2023-03-18,Cake - Sheet Strawberry,2023-05-29,4,72.27,Store,Cash,0.0000,289.08
2023-03-19,Tuna - Sushi Grade,2023-05-09,14,40.61,Store,Cash,7.0000,528.7421999999999
2023-05-02,Wine - Vovray Sec Domaine Huet,2023-05-27,4,41.5,App,Visa,5.0000,157.7
2023-03-21,Watercress,2023-04-21,14,227.82,Store,Visa,6.0000,2998.1112
2023-03-29,V8 Splash Strawberry Banana,2023-06-07,13,42.39,Store,Cash,7.0000,512.4951
2023-03-18,Syrup - Monin - Blue Curacao,2023-05-27,10,121.04,Store,Cash,7.0000,1125.672
2023-05-04,Sprouts - China Rose,2023-05-06,10,58.63,Store,Cash,17.5000,483.69750000000005
2023-03-19,Pears - Bosc,2023-04-19,15,46.72,App,Visa,12.5000,613.1999999999999
2023-03-23,Beef - Ox Tongue,2023-05-06,3,152.52,Store,Cash,50.0000,228.78000000000003
2023-04-10,Buttons,2023-05-16,5,80.87,App,Visa,5.0000,384.1325
2023-03-23,The Pop Shoppe - Root Beer,2023-05-18,15,226.37,Store,Visa,30.0000,2376.8849999999998
2023-03-30,Pork - Ground,2023-04-14,1,189.55,Store,Cash,15.0000,161.1175
2023-04-08,Wasabi Powder,2023-05-03,1,24.63,App,Visa,5.0000,23.3985
2023-03-17,Milk 2% 500 Ml,2023-05-15,14,229.53,App,Visa,11.0000,2859.9438
2023-03-23,Flavouring - Orange,2023-04-05,14,183.47,Store,Visa,33.5000,1708.1057
2023-05-01,Juice - Orange Concentrate,2023-05-10,11,95.39,App,Visa,18.0000,860.4178
2023-03-15,Bonito Flakes - Toku Katsuo,2023-04-23,12,96.35,Store,Visa,6.0000,1086.8279999999997
2023-04-19,Bread - Bistro White,2023-05-19,15,68.7,App,Visa,12.5000,901.6875
2023-04-18,Bread - English Muffin,2023-06-08,2,11.09,App,Visa,5.0000,21.070999999999998
2023-04-22,Nantuket Peach Orange,2023-06-12,9,88.17,Store,Cash,5.0000,753.8534999999999
2023-04-09,Currants,2023-06-05,11,87.0,Store,Cash,7.0000,890.01
2023-04-19,Wine - Red Gallo Merlot,2023-07-05,14,171.66,Store,Cash,6.0000,2259.0455999999995
2023-05-05,Cheese - Camembert,2023-06-19,10,62.27,App,Visa,10.0000,560.4300000000001
2023-04-27,Container - Hngd Cll Blk 7x7x3,2023-06-21,17,247.07,Store,Visa,7.5000,3885.17575
2023-04-04,Tomatoes - Vine Ripe Red,2023-05-09,9,197.06,App,Visa,7.5000,1640.5245
2023-04-14,Durian Fruit,2023-06-15,5,246.05,App,Visa,5.0000,1168.7375
2023-03-23,Veal - Shank Pieces,2023-06-01,15,64.0,Store,Cash,30.0000,672.0
2023-04-23,Container - Clear 32 Oz,2023-05-17,14,201.77,Store,Visa,6.5000,2641.1693000000005
2023-05-05,Soup - Campbells - Chicken Noodle,2023-06-17,15,126.29,App,Visa,12.5000,1657.55625
2023-05-01,Rice - Aborio,2023-07-06,6,16.2,Store,Cash,5.0000,92.33999999999999
2023-03-16,Wine - Fume Blanc Fetzer,2023-06-04,14,93.19,App,Visa,11.0000,1161.1473999999998
2023-04-21,Beef - Salted,2023-07-11,1,83.46,App,Visa,5.0000,79.28699999999999
2023-04-09,Pastry - French Mini Assorted,2023-05-05,6,220.44,Store,Cash,4.5000,1263.1211999999998
2023-05-11,Liners - Baking Cups,2023-08-05,4,1.45,App,Visa,5.0000,5.51
2023-04-30,Cookie - Oatmeal,2023-05-13,8,67.93,App,Visa,13.5000,470.07560000000007
2023-04-09,Pastry - Banana Tea Loaf,2023-05-20,7,174.86,App,Visa,7.5000,1132.2185
2023-03-23,Broom And Brush Rack Black,2023-03-31,12,236.64,Store,Visa,36.0000,1817.3952
2023-05-05,Fish - Bones,2023-07-06,5,194.87,Store,Cash,0.0000,974.35
2023-04-22,Pie Shell - 5,2023-05-01,7,182.98,Store,Visa,13.0000,1114.3482
2023-04-05,Wine - White Colubia Cresh,2023-04-23,16,142.82,App,Visa,16.0000,1919.5007999999998
2023-04-30,Celery Root,2023-05-08,10,6.28,App,Visa,16.0000,52.752
2023-03-22,Longos - Greek Salad,2023-06-11,8,86.7,App,Visa,7.5000,641.58
2023-03-13,Puree - Raspberry,2023-03-19,16,13.46,Store,Cash,17.0000,178.74880000000002
2023-04-11,Calvados - Boulard,2023-04-13,4,228.68,App,Visa,16.5000,763.7912
2023-04-14,Scampi Tail,2023-06-21,14,187.9,Store,Cash,7.0000,2446.4579999999996
2023-04-20,Island Oasis - Ice Cream Mix,2023-05-15,10,123.17,App,Visa,8.5000,1127.0055
2023-05-01,Plasticforkblack,2023-07-17,17,162.91,Store,Cash,10.0000,2492.5229999999997
2023-03-18,Bread - 10 Grain Parisian,2023-04-13,3,228.82,Store,Cash,4.0000,659.0016
2023-03-27,Kale - Red,2023-04-11,4,218.31,Store,Cash,15.0000,742.254
2023-03-13,Wine - Casillero Deldiablo,2023-05-27,7,22.82,Store,Cash,5.0000,151.75300000000001
2023-04-08,Maintenance Removal Charge,2023-05-19,16,197.57,Store,Cash,10.0000,2845.008
2023-03-18,Tea - Mint,2023-04-18,13,156.99,Store,Cash,7.0000,1898.0091
2023-04-22,Cookie - Oreo 100x2,2023-05-03,16,145.35,App,Visa,19.5000,1872.1079999999997
2023-05-11,Compound - Pear,2023-06-15,12,16.86,Store,Cash,7.0000,188.15759999999997
2023-04-09,The Pop Shoppe Pinapple,2023-06-24,15,28.4,Store,Visa,7.5000,394.05
2023-04-11,Tarragon - Primerba Paste,2023-05-04,12,4.44,Store,Visa,7.0000,49.550399999999996
2023-04-24,Straw - Regular,2023-05-19,13,167.1,Store,Cash,6.0000,2041.9619999999995
2023-03-22,Mussels - Cultivated,2023-04-28,9,155.12,Store,Visa,5.0000,1326.2759999999998
2023-04-15,Beef - Top Butt Aaa,2023-05-29,7,75.8,App,Visa,7.5000,490.80500000000006
2023-04-23,Beer - Sleemans Honey Brown,2023-04-28,9,195.62,Store,Visa,15.0000,1496.493
2023-04-26,Bread - Pumpernickle Rounds,2023-04-29,16,30.8,Store,Cash,18.5000,401.632
2023-04-08,Cheese - Cheddar With Claret,2023-06-09,12,171.33,Store,Cash,8.5000,1881.2034
2023-04-25,Orange Roughy 6/8 Oz,2023-07-06,3,144.86,Store,Cash,0.0000,434.58000000000004
2023-05-11,Quiche Assorted,2023-06-19,13,194.39,Store,Cash,7.0000,2350.1750999999995
2023-05-09,Cherries - Fresh,2023-07-27,9,86.3,App,Visa,7.5000,718.4475
2023-04-01,Appetizer - Cheese Bites,2023-05-24,6,127.16,App,Visa,10.0000,686.6640000000001
2023-04-05,Wine - Barossa Valley Estate,2023-07-04,16,166.47,Store,Visa,7.5000,2463.7560000000003
2023-04-30,External Supplier,2023-06-15,10,177.68,App,Visa,8.5000,1625.7720000000002
2023-03-17,The Pop Shoppe Pinapple,2023-04-06,1,62.58,App,Visa,7.5000,57.8865
2023-04-05,Wine - Red Gallo Merlot,2023-05-10,15,210.55,Store,Visa,7.5000,2921.3812500000004
2023-03-20,Beef - Top Butt Aaa,2023-05-06,3,103.91,Store,Cash,0.0000,311.73
2023-04-12,Yoghurt Tubes,2023-04-28,3,172.6,Store,Cash,14.0000,445.30799999999994
2023-04-24,Fudge - Chocolate Fudge,2023-07-23,4,9.43,Store,Visa,5.0000,35.833999999999996
2023-04-15,Pickles - Gherkins,2023-06-11,3,187.3,Store,Cash,0.0000,561.9000000000001
2023-03-25,Chef Hat 25cm,2023-04-02,10,126.81,Store,Visa,14.5000,1084.2255
2023-03-20,Wheat - Soft Kernal Of Wheat,2023-05-13,4,132.78,Store,Cash,0.0000,531.12
2023-03-25,Soup - Campbells Chili Veg,2023-06-02,14,88.34,Store,Cash,7.0000,1150.1868
2023-04-01,Bread - Granary Small Pull,2023-05-04,13,149.45,Store,Visa,6.0000,1826.2789999999998
2023-03-26,Bananas,2023-06-05,13,103.36,Store,Visa,6.0000,1263.0592
2023-04-01,Glaze - Apricot,2023-05-16,16,29.3,Store,Cash,10.0000,421.92
2023-04-02,Wine - Taylors Reserve,2023-06-20,16,51.5,Store,Visa,7.5000,762.2
2023-03-31,Cheese - Havarti Salsa,2023-05-09,7,37.1,Store,Cash,7.5000,240.2225
2023-05-11,Nori Sea Weed - Gold Label,2023-06-30,15,217.08,App,Visa,12.5000,2849.175
2023-03-23,Wine La Vielle Ferme Cote Du,2023-05-01,16,179.99,Store,Cash,30.0000,2015.888
2023-04-22,Coffee - Frthy Coffee Crisp,2023-06-05,11,155.69,App,Visa,11.0000,1524.2051
2023-04-20,Marjoram - Dried Rubbed,2023-06-13,2,25.33,App,Visa,5.0000,48.126999999999995
2023-05-09,The Pop Shoppe Pinapple,2023-05-19,16,148.54,Store,Cash,15.0000,2020.1439999999998
2023-04-09,Crawfish,2023-04-22,11,173.66,Store,Cash,12.0000,1681.0288
2023-04-06,Pork - Bacon Double Smoked,2023-06-22,2,108.18,Store,Visa,5.0000,205.542
2023-05-08,Beer - Upper Canada Light,2023-06-09,3,137.12,App,Visa,5.0000,390.792
2023-05-02,Napkin - Beverge White 2 - Ply,2023-06-05,12,133.32,App,Visa,11.0000,1423.8576
2023-03-13,Wine - Vineland Estate Semi - Dry,2023-05-23,13,154.59,Store,Visa,6.0000,1889.0898
2023-04-17,Scrubbie - Scotchbrite Hand Pad,2023-06-16,9,130.41,Store,Cash,5.0000,1115.0055
2023-04-03,Kellogs Raisan Bran Bars,2023-05-04,1,49.13,Store,Visa,5.0000,46.6735
2023-04-29,Wine - Rubyport,2023-05-14,10,236.91,App,Visa,12.5000,2072.9625
2023-03-15,Pumpkin,2023-03-24,7,154.67,Store,Visa,13.0000,941.9402999999999
2023-05-11,Brandy Cherry - Mcguinness,2023-06-23,10,118.87,App,Visa,8.5000,1087.6605000000002
2023-03-17,Wine - Soave Folonari,2023-03-28,1,123.96,Store,Cash,12.0000,109.0848
2023-04-11,Tomatoes - Cherry,2023-06-13,6,22.32,Store,Cash,5.0000,127.224
2023-04-05,Mousse - Banana Chocolate,2023-06-09,9,194.32,App,Visa,7.5000,1617.714
2023-03-13,Cheese - Brick With Pepper,2023-03-31,1,122.85,Store,Cash,11.0000,109.3365
2023-04-03,Flour - Chickpea,2023-05-14,4,11.43,Store,Visa,5.0000,43.434
2023-04-24,Tart Shells - Savory 2,2023-07-20,8,107.87,Store,Cash,5.0000,819.812
2023-04-10,Clams - Bay,2023-04-17,8,225.63,App,Visa,16.5000,1507.2084
2023-05-06,Honey - Comb,2023-06-14,13,122.33,Store,Cash,7.0000,1478.9696999999999
2023-04-27,Thyme - Dried,2023-07-20,11,189.65,Store,Cash,7.0000,1940.1195
2023-05-04,V8 Splash Strawberry Kiwi,2023-07-02,12,222.58,Store,Cash,7.0000,2483.9928
2023-04-13,Jameson Irish Whiskey,2023-06-30,17,100.98,App,Visa,15.0000,1459.161
2023-04-05,Lemonade - Pineapple Passion,2023-05-12,7,59.74,Store,Cash,5.0000,397.271
2023-03-16,Coconut - Creamed Pure,2023-04-11,14,179.51,App,Visa,11.0000,2236.6946
2023-05-04,Pepper - Chillies Crushed,2023-07-08,14,177.57,App,Visa,11.0000,2212.5222
2023-04-22,Petit Baguette,2023-06-01,2,184.09,App,Visa,5.0000,349.771
2023-03-23,Juice - Apple 500 Ml,2023-04-19,1,148.21,Store,Cash,26.5000,108.93435000000001
2023-04-02,Onions - Spanish,2023-05-06,15,147.93,Store,Cash,10.0000,1997.0550000000003
2023-03-16,Wine - Carmenere Casillero Del,2023-04-12,3,64.07,App,Visa,5.0000,182.59949999999998
2023-05-10,Chips Potato All Dressed - 43g,2023-06-08,16,34.82,Store,Cash,5.5000,526.4784
2023-04-30,Pastrami,2023-07-19,1,153.31,Store,Cash,0.0000,153.31
2023-04-29,Sobe - Green Tea,2023-07-28,6,43.28,Store,Visa,5.0000,246.696
2023-04-20,Cheese - La Sauvagine,2023-05-26,15,212.0,Store,Cash,10.0000,2862.0
2023-03-15,Jicama,2023-05-05,10,236.23,Store,Cash,7.0000,2196.9389999999994
2023-04-30,Wine - Sicilia Igt Nero Avola,2023-05-28,4,199.37,App,Visa,5.0000,757.606
2023-03-13,Ginger - Crystalized,2023-05-09,6,112.72,Store,Cash,5.0000,642.5039999999999
2023-04-28,Blue Curacao - Marie Brizard,2023-06-05,13,83.43,Store,Visa,6.0000,1019.5146000000001
2023-05-05,Pail - 15l White With Handle,2023-06-06,11,232.62,Store,Visa,6.0000,2405.2908
2023-04-06,Pork - Kidney,2023-06-01,17,190.32,Store,Cash,10.0000,2911.896
2023-04-01,Table Cloth - 53x69 Colour,2023-06-16,3,3.83,App,Visa,5.0000,10.9155
2023-04-05,Ostrich - Prime Cut,2023-06-04,13,39.62,App,Visa,11.0000,458.4034
2023-03-25,Potatoes - Peeled,2023-06-22,3,110.03,Store,Cash,0.0000,330.09000000000003
2023-03-27,Fish - Artic Char Cold Smoked,2023-05-17,1,135.58,Store,Visa,5.0000,128.80100000000002
2023-04-10,Oil - Canola,2023-05-24,12,171.54,Store,Visa,6.0000,1934.9712
2023-04-28,Bread - English Muffin,2023-06-18,7,247.0,Store,Visa,5.0000,1642.55
2023-03-15,Table Cloth 120 Round White,2023-06-02,17,114.51,App,Visa,15.0000,1654.6695
2023-05-03,Pork Ham Prager,2023-07-16,11,38.62,App,Visa,11.0000,378.0898
2023-03-18,Dc - Frozen Momji,2023-04-23,12,228.91,App,Visa,11.0000,2444.7588
2023-04-06,Yeast Dry - Fermipan,2023-05-14,3,173.94,Store,Cash,0.0000,521.8199999999999
2023-04-29,Veal Inside - Provimi,2023-07-28,11,4.73,Store,Cash,7.0000,48.387899999999995
2023-04-07,Pepper - Chillies Crushed,2023-06-01,1,70.85,App,Visa,5.0000,67.30749999999999
2023-04-24,Chef Hat 20cm,2023-05-25,2,25.15,Store,Visa,5.0000,47.785
2023-05-08,Oil - Olive Extra Virgin,2023-07-28,16,24.09,App,Visa,15.0000,327.62399999999997
2023-04-01,Basil - Thai,2023-05-05,4,237.09,Store,Visa,5.0000,900.942
2023-04-08,Fennel - Seeds,2023-06-12,6,216.99,Store,Cash,5.0000,1236.843
2023-04-12,Gingerale - Schweppes 355 Ml,2023-04-27,3,11.12,App,Visa,10.0000,30.024
2023-03-14,Duck - Whole,2023-05-06,17,161.92,Store,Cash,10.0000,2477.3759999999997
2023-04-23,Truffle - Whole Black Peeled,2023-05-03,7,200.92,Store,Visa,12.5000,1230.6349999999998
2023-03-17,Lobak,2023-06-01,1,123.8,Store,Cash,0.0000,123.8
2023-04-19,Pasta - Linguini Dry,2023-06-25,8,95.68,Store,Cash,5.0000,727.168
2023-04-29,Plate Foam Laminated 9in Blk,2023-05-13,10,214.18,Store,Cash,11.5000,1895.4930000000002
2023-03-14,Pasta - Penne Lisce Dry,2023-05-15,5,83.36,Store,Cash,0.0000,416.8
2023-03-28,Chocolate - Milk Callets,2023-04-24,3,54.68,Store,Cash,3.0000,159.1188
2023-04-01,Bagel - Ched Chs Presliced,2023-05-10,4,143.13,Store,Cash,0.0000,572.52
2023-03-16,Horseradish Root,2023-03-22,14,140.21,App,Visa,19.5000,1580.1667
2023-04-25,Bamboo Shoots - Sliced,2023-05-22,17,4.37,App,Visa,15.0000,63.1465
2023-05-04,Sauce - Oyster,2023-08-02,1,171.96,Store,Visa,5.0000,163.362
2023-03-30,Cotton Wet Mop 16 Oz,2023-05-27,4,206.75,Store,Cash,0.0000,827.0
2023-04-13,Cheese - Marble,2023-05-11,11,95.2,Store,Cash,8.5000,958.1880000000001
2023-04-11,Wine - Cotes Du Rhone Parallele,2023-05-04,7,249.5,App,Visa,8.5000,1598.0475000000001
2023-04-14,Mop Head - Cotton 24 Oz,2023-07-09,15,103.03,Store,Visa,7.5000,1429.5412500000002
2023-04-24,Eggwhite Frozen,2023-07-15,14,239.98,Store,Visa,6.0000,3158.1367999999998
2023-04-08,Truffle Cups - Brown,2023-05-24,5,151.69,Store,Visa,5.0000,720.5275
2023-04-17,Muskox - French Rack,2023-06-09,10,61.34,App,Visa,8.5000,561.2610000000001
2023-05-10,Sprite Diet - 355ml,2023-05-15,17,4.52,Store,Cash,17.5000,63.39299999999999
2023-03-31,Burger Veggie,2023-06-20,10,119.32,Store,Visa,6.0000,1121.6079999999997
2023-04-25,Food Colouring - Orange,2023-06-22,12,110.22,App,Visa,11.0000,1177.1496
2023-04-09,Truffle Cups - White Paper,2023-05-30,11,191.82,App,Visa,11.0000,1877.9178
2023-05-04,Ostrich - Prime Cut,2023-07-01,7,249.79,App,Visa,7.5000,1617.3902500000002
2023-04-04,Sole - Iqf,2023-06-24,17,235.06,App,Visa,15.0000,3396.6169999999997
2023-05-06,Muffin Batt - Carrot Spice,2023-06-14,3,43.01,Store,Cash,0.0000,129.03
2023-03-18,Pork - Chop Frenched,2023-04-29,11,56.66,Store,Cash,7.0000,579.6318
2023-05-07,Bread - Roll Whole Wheat,2023-05-31,9,163.09,Store,Visa,5.5000,1387.08045
2023-04-02,Island Oasis - Peach Daiquiri,2023-05-17,15,199.42,Store,Visa,7.5000,2766.9525
2023-04-17,Cheese - Gouda,2023-05-18,1,214.08,App,Visa,7.5000,198.02400000000003
2023-04-06,Food Colouring - Green,2023-06-18,3,244.82,App,Visa,5.0000,697.737
2023-03-27,Bread - White Sliced,2023-06-13,11,3.7,App,Visa,11.0000,36.223000000000006
2023-05-01,Parsley - Fresh,2023-07-20,12,174.57,App,Visa,11.0000,1864.4076000000002
2023-03-22,Pop - Club Soda Can,2023-04-26,2,199.86,Store,Cash,0.0000,399.72
2023-04-06,Muffin Hinge 117n,2023-07-03,3,23.57,App,Visa,5.0000,67.17450000000001
2023-03-31,Hipnotiq Liquor,2023-05-10,1,132.92,Store,Visa,5.0000,126.27399999999999
2023-03-18,Jameson - Irish Whiskey,2023-04-14,10,94.05,App,Visa,8.5000,860.5575
2023-03-19,Peas Snow,2023-05-06,12,201.55,Store,Cash,7.0000,2249.2980000000002
2023-03-14,Soup - Knorr Ministrone,2023-05-30,7,166.86,App,Visa,7.5000,1080.4185
2023-04-26,Soup Campbells Split Pea And Ham,2023-07-25,6,88.86,App,Visa,7.5000,493.173
2023-03-17,Beef - Ox Tongue,2023-06-15,9,41.68,Store,Visa,5.0000,356.364
2023-04-14,Water - Aquafina Vitamin,2023-05-05,3,173.65,Store,Cash,9.0000,474.06450000000007
2023-05-12,Sesame Seed,2023-06-22,5,227.34,Store,Visa,5.0000,1079.865
2023-03-17,Wine - Soave Folonari,2023-05-10,11,158.85,Store,Visa,6.0000,1642.5089999999998
2023-04-25,Pork - Ham Hocks - Smoked,2023-07-16,6,142.45,App,Visa,7.5000,790.5975
2023-03-31,Cheese - Woolwich Goat Log,2023-06-02,15,213.3,Store,Cash,10.0000,2879.55
2023-04-14,Bread - Roll Calabrese,2023-07-04,11,21.13,App,Visa,11.0000,206.8627
2023-03-27,Pork - Smoked Back Bacon,2023-04-26,10,221.82,App,Visa,8.5000,2029.653
2023-03-20,Compound - Raspberry,2023-05-17,17,105.46,Store,Visa,7.5000,1658.3585
2023-03-15,Mousse - Banana Chocolate,2023-06-04,5,117.79,App,Visa,5.0000,559.5025
2023-04-20,Flour - Chickpea,2023-05-07,6,175.29,Store,Visa,9.0000,957.0834000000001
2023-03-27,Wine - Baron De Rothschild,2023-05-14,16,230.14,Store,Cash,7.5000,3406.072
2023-05-11,Tart Shells - Savory 3,2023-08-08,10,91.41,App,Visa,8.5000,836.4014999999999
2023-03-15,Gelatine Leaves - Envelopes,2023-06-07,4,154.74,Store,Cash,0.0000,618.96
2023-05-03,Soup - Campbells Beef Barley,2023-05-25,7,11.2,App,Visa,9.0000,71.344
2023-03-20,Sugar - Sweet N Low Individual,2023-03-24,1,176.87,Store,Cash,26.0000,130.8838
2023-04-05,Flour - Fast / Rapid,2023-05-14,3,196.76,Store,Cash,0.0000,590.28
2023-05-09,Flower - Leather Leaf Fern,2023-07-27,8,108.89,Store,Cash,5.0000,827.564
2023-03-21,Potatoes - Mini Red,2023-06-14,17,19.03,Store,Cash,10.0000,291.159
2023-03-16,Cheese - Brick With Pepper,2023-04-10,7,179.52,App,Visa,10.0000,1130.976
2023-03-30,Tea - Decaf 1 Cup,2023-04-15,5,44.48,Store,Cash,14.0000,191.26399999999998
2023-04-02,Wine - Prosecco Valdobienne,2023-04-25,12,175.86,App,Visa,11.0000,1878.1848000000002
2023-03-18,Wonton Wrappers,2023-05-06,17,245.21,App,Visa,15.0000,3543.2844999999998
2023-03-23,Oranges,2023-04-30,16,168.9,App,Visa,35.0000,1756.5600000000002
2023-05-01,Vodka - Smirnoff,2023-05-19,6,22.11,Store,Cash,8.5000,121.3839
2023-05-11,Doilies - 7 Paper,2023-06-20,14,114.09,App,Visa,11.0000,1421.5614
2023-04-26,Sauce - Vodka Blush,2023-06-17,17,11.78,App,Visa,15.0000,170.22099999999998
2023-03-28,Fruit Salad Deluxe,2023-06-14,12,121.28,Store,Cash,7.0000,1353.4848
2023-03-20,Tray - 16in Rnd Blk,2023-05-09,6,167.8,Store,Visa,5.0000,956.46
2023-04-17,Shallots,2023-07-12,6,193.62,App,Visa,7.5000,1074.5910000000001
2023-05-12,Lobak,2023-05-28,2,62.86,App,Visa,9.5000,113.7766
2023-04-24,The Pop Shoppe - Black Cherry,2023-06-03,7,56.81,Store,Cash,5.0000,377.7865
2023-05-12,Cheese - Le Cru Du Clocher,2023-05-22,6,66.27,Store,Cash,15.0000,337.977
2023-03-19,Bread - Sticks Thin Plain,2023-04-16,10,187.56,App,Visa,8.5000,1716.174
2023-03-14,Assorted Desserts,2023-03-23,7,15.94,Store,Visa,13.0000,97.0746
2023-03-27,Shrimp - 31/40,2023-06-04,17,127.13,App,Visa,15.0000,1837.0285
2023-04-02,Appetizer - Shrimp Puff,2023-04-08,16,12.4,Store,Cash,17.0000,164.67200000000003
2023-03-28,Shortbread - Cookie Crumbs,2023-04-28,6,105.47,Store,Cash,5.0000,601.1789999999999
2023-05-11,Sausage - Meat,2023-07-28,1,234.17,Store,Cash,0.0000,234.17
2023-04-13,Raspberries - Frozen,2023-05-18,9,193.27,Store,Cash,5.0000,1652.4585
2023-03-19,Carbonated Water - Lemon Lime,2023-04-03,3,17.15,Store,Cash,15.0000,43.732499999999995
2023-05-08,Cookie Dough - Oatmeal Rasin,2023-05-28,1,221.69,Store,Visa,7.5000,205.06325
2023-05-11,Coffee Cup 16oz Foam,2023-07-15,12,188.64,Store,Cash,7.0000,2105.2223999999997
2023-04-14,Cheese - Swiss,2023-05-20,8,197.96,Store,Visa,7.5000,1464.9040000000002
2023-03-24,Flour - Whole Wheat,2023-06-13,15,230.0,Store,Cash,10.0000,3105.0
2023-03-26,Tobasco Sauce,2023-04-01,1,158.62,Store,Visa,14.5000,135.6201
2023-04-06,Vegetable - Base,2023-05-19,4,7.2,Store,Visa,5.0000,27.36
2023-04-12,Macaroons - Two Bite Choc,2023-06-02,4,180.79,Store,Visa,5.0000,687.002
2023-04-10,Iced Tea - Lemon 460 Ml,2023-04-23,13,7.96,Store,Cash,12.0000,91.06240000000001
2023-04-10,Cookie Chocolate Chip With,2023-05-21,3,101.45,Store,Cash,0.0000,304.35
2023-04-19,Wine - Chardonnay Mondavi,2023-06-11,8,62.95,App,Visa,7.5000,465.83000000000004
2023-03-14,Kale - Red,2023-06-01,17,125.13,Store,Visa,7.5000,1967.6692500000001
2023-04-05,Chevere Logs,2023-06-06,6,99.87,App,Visa,7.5000,554.2785
2023-04-10,Fondant - Icing,2023-06-17,8,161.12,Store,Visa,5.0000,1224.512
2023-04-02,Table Cloth 53x53 White,2023-04-20,8,245.07,Store,Cash,8.5000,1793.9124
2023-04-20,Soup - Campbells Asian Noodle,2023-05-14,2,213.54,Store,Visa,5.5000,403.59059999999994
2023-04-14,Pate - Cognac,2023-07-13,12,223.77,Store,Cash,7.0000,2497.2732
2023-04-30,Turnip - White,2023-07-12,1,239.67,Store,Cash,0.0000,239.67
2023-04-06,Cheese - Woolwich Goat Log,2023-05-10,6,153.26,Store,Cash,7.5000,850.593
2023-04-23,Oil - Shortening - All - Purpose,2023-07-13,17,145.27,App,Visa,15.0000,2099.1515
2023-04-23,Thyme - Fresh,2023-06-20,3,29.72,Store,Cash,0.0000,89.16
2023-05-04,Hagen Daza - Dk Choocolate,2023-05-08,15,122.94,Store,Visa,18.0000,1512.162
2023-03-26,Yoplait - Strawbrasp Peac,2023-06-15,5,69.06,App,Visa,5.0000,328.03499999999997
2023-04-20,Cream - 35%,2023-07-03,7,203.34,App,Visa,7.5000,1316.6265
2023-03-18,Lemon Balm - Fresh,2023-05-28,14,58.77,App,Visa,11.0000,732.2742000000001
2023-04-07,Cheese - Grie Des Champ,2023-05-10,6,40.56,Store,Visa,7.5000,225.10800000000003
2023-03-30,Stock - Beef White,2023-05-02,9,60.72,Store,Cash,5.0000,519.156
2023-03-26,Onions - Cippolini,2023-04-10,4,161.28,App,Visa,10.0000,580.6080000000001
2023-04-25,Beef - Tender Tips,2023-05-01,3,5.69,Store,Visa,14.5000,14.59485
2023-03-18,Beer - Guiness,2023-03-19,16,232.34,Store,Cash,19.5000,2992.5391999999997
2023-03-15,Soup - Campbells Beef Stew,2023-05-22,2,208.53,App,Visa,5.0000,396.207
2023-04-04,Soup - Chicken And Wild Rice,2023-06-17,12,126.06,Store,Cash,7.0000,1406.8296
2023-03-16,Ice Cream - Life Savers,2023-06-14,13,6.12,Store,Visa,6.0000,74.7864
2023-05-03,Pork - Backfat,2023-06-06,3,209.35,Store,Cash,0.0000,628.05
2023-05-08,Pecan Raisin - Tarts,2023-05-27,14,122.75,Store,Cash,9.0000,1563.835
2023-04-16,Brocolinni - Gaylan Chinese,2023-04-27,6,111.13,Store,Cash,12.0000,586.7664
2023-04-25,Cheese - Manchego Spanish,2023-06-02,15,7.6,App,Visa,12.5000,99.75
2023-04-26,Mustard - Pommery,2023-07-09,14,125.39,Store,Cash,7.0000,1632.5778
2023-04-01,Potatoes - Mini Red,2023-06-28,11,225.48,Store,Visa,6.0000,2331.4631999999997
2023-03-26,Pastry - Carrot Muffin - Mini,2023-04-24,6,241.17,Store,Cash,3.0000,1403.6094
2023-04-20,Sparkling Wine - Rose Freixenet,2023-04-26,15,245.79,Store,Cash,17.0000,3060.0855
2023-04-14,Jam - Blackberry 20 Ml Jar,2023-06-30,14,64.57,Store,Visa,6.0000,849.7411999999998
2023-03-20,Stock - Fish,2023-05-14,12,94.25,App,Visa,11.0000,1006.59
2023-04-10,Poppy Seed,2023-06-10,9,51.14,Store,Visa,5.0000,437.24699999999996
2023-05-04,Fond - Neutral,2023-07-06,15,108.81,Store,Visa,7.5000,1509.7387500000002
2023-03-17,Artichoke - Fresh,2023-05-08,14,219.95,App,Visa,11.0000,2740.5769999999998
2023-03-13,Muffin - Zero Transfat,2023-04-24,3,127.44,Store,Cash,0.0000,382.32
2023-03-13,Soup - Campbells Bean Medley,2023-06-10,16,162.4,App,Visa,15.0000,2208.64
2023-03-22,Canadian Emmenthal,2023-04-10,16,240.98,Store,Cash,10.5000,3450.8336
2023-04-10,Corn - On The Cob,2023-06-04,15,245.09,App,Visa,12.5000,3216.80625
2023-03-26,Lamb Rack Frenched Australian,2023-05-03,1,138.86,Store,Visa,5.0000,131.917
2023-03-13,Pastry - Baked Cinnamon Stick,2023-05-13,17,166.51,Store,Visa,7.5000,2618.3697500000003
2023-04-14,Tortillas - Flour 12,2023-05-03,6,49.16,App,Visa,10.5000,263.9892
2023-04-03,Steampan - Lid For Half Size,2023-05-21,15,233.85,Store,Cash,10.0000,3156.975
2023-04-05,Capon - Breast Double Wing On,2023-06-08,3,220.85,Store,Cash,0.0000,662.55
2023-05-03,Loquat,2023-06-24,14,174.21,Store,Cash,7.0000,2268.2142
2023-04-08,Juice - Ocean Spray Cranberry,2023-05-10,7,189.75,Store,Visa,5.0000,1261.8374999999999
2023-05-11,Beef - Inside Round,2023-06-23,7,1.36,Store,Cash,5.0000,9.044
2023-05-12,Pancetta,2023-07-13,6,181.83,Store,Visa,5.0000,1036.431
2023-04-09,Garlic - Elephant,2023-04-19,17,132.65,Store,Cash,15.0000,1916.7925
2023-05-02,Ranchero - Primerba Paste,2023-07-01,8,162.54,App,Visa,7.5000,1202.796
2023-04-02,Wine - Charddonnay Errazuriz,2023-05-15,3,92.21,Store,Visa,5.0000,262.7985
2023-03-16,Potatoes - Peeled,2023-04-16,5,78.01,App,Visa,5.0000,370.5475
2023-04-28,Triple Sec - Mcguinness,2023-05-18,4,44.35,Store,Cash,10.0000,159.66
2023-04-06,Longos - Penne With Pesto,2023-04-14,15,186.92,Store,Cash,16.0000,2355.1919999999996
2023-03-22,Onions - Red Pearl,2023-05-16,2,208.6,Store,Visa,5.0000,396.34
2023-05-04,Pepper - Black Crushed,2023-07-02,16,152.4,Store,Visa,7.5000,2255.52
2023-04-01,Fond - Neutral,2023-06-02,11,103.06,App,Visa,11.0000,1008.9574000000001
2023-04-01,Beer - Paulaner Hefeweisse,2023-06-28,13,37.05,Store,Visa,6.0000,452.751
2023-04-30,Sage Derby,2023-07-06,12,41.48,App,Visa,11.0000,443.0064
2023-03-14,Pasta - Fusili Tri - Coloured,2023-05-01,17,70.45,App,Visa,15.0000,1018.0025
2023-03-25,Lady Fingers,2023-03-28,13,223.14,App,Visa,21.0000,2291.6477999999997
2023-03-17,Pop - Club Soda Can,2023-05-06,7,128.83,Store,Cash,5.0000,856.7195
2023-05-12,Cardamon Ground,2023-06-19,7,84.84,App,Visa,7.5000,549.339
2023-04-01,Ice Cream - Life Savers,2023-04-06,5,53.47,Store,Visa,15.0000,227.2475
2023-03-20,Five Alive Citrus,2023-03-27,4,51.52,Store,Visa,14.0000,177.2288
2023-03-21,Bagel - 12 Grain Preslice,2023-06-03,7,169.41,Store,Visa,5.0000,1126.5765
2023-04-28,Cheese - Augre Des Champs,2023-07-16,15,113.75,Store,Cash,10.0000,1535.625
2023-03-14,Chocolate - Milk Callets,2023-05-09,1,57.02,App,Visa,5.0000,54.169
2023-03-15,Tea Leaves - Oolong,2023-03-18,14,75.78,Store,Cash,17.0000,880.5636000000001
2023-04-14,Chilli Paste Hot Sambal Oelek,2023-05-16,15,20.58,Store,Cash,10.0000,277.83
2023-04-09,Red Cod Fillets - 225g,2023-06-15,14,234.77,Store,Cash,7.0000,3056.7054
2023-03-27,Fuji Apples,2023-05-10,14,130.74,Store,Cash,7.0000,1702.2348
2023-05-03,Bread - Assorted Rolls,2023-07-01,2,214.24,Store,Cash,0.0000,428.48
2023-04-23,Cocktail Napkin Blue,2023-06-11,3,5.02,Store,Cash,0.0000,15.059999999999999
2023-04-24,Soup - French Onion Dry,2023-06-05,7,157.84,Store,Visa,5.0000,1049.636
2023-03-29,Coffee - Irish Cream,2023-04-25,12,201.33,Store,Cash,5.0000,2295.162
2023-03-17,Glycerine,2023-06-02,16,240.75,App,Visa,15.0000,3274.2
2023-04-21,Lobster - Base,2023-06-18,6,232.62,Store,Cash,5.0000,1325.934
2023-03-21,Milk - Skim,2023-04-01,16,82.01,Store,Visa,14.5000,1121.8968
2023-04-26,Cookie Choc,2023-06-09,14,236.92,Store,Cash,7.0000,3084.6983999999993
2023-04-28,Beer - Steamwhistle,2023-07-26,16,64.97,App,Visa,15.0000,883.592
2023-03-29,Spinach - Spinach Leaf,2023-06-18,4,71.74,Store,Cash,0.0000,286.96
2023-03-15,Chinese Foods - Chicken Wing,2023-06-09,16,215.06,App,Visa,15.0000,2924.816
2023-05-03,Cranberries - Frozen,2023-05-11,9,215.56,Store,Cash,13.5000,1678.1345999999999
2023-04-13,Soup - Campbells Chili,2023-06-11,15,116.4,Store,Cash,10.0000,1571.4
2023-05-11,General Purpose Trigger,2023-05-14,9,243.88,Store,Cash,16.0000,1843.7328
2023-03-24,Liqueur Banana Ramazzotti,2023-03-26,13,131.39,App,Visa,21.5000,1340.8349499999997
2023-04-21,Bagelers,2023-06-13,16,202.73,Store,Cash,10.0000,2919.312
2023-03-17,Chocolate Bar - Smarties,2023-05-03,6,36.23,Store,Visa,5.0000,206.511
2023-03-23,Longos - Greek Salad,2023-06-03,16,49.18,Store,Cash,30.0000,550.8159999999999
2023-04-28,Beer - Blue Light,2023-07-04,8,38.44,Store,Cash,5.0000,292.14399999999995
2023-05-07,Ice Cream - Super Sandwich,2023-07-07,16,63.29,App,Visa,15.0000,860.7439999999999
2023-05-05,Bacardi Breezer - Tropical,2023-06-05,11,6.02,App,Visa,11.0000,58.9358
2023-04-07,Beef - Montreal Smoked Brisket,2023-05-27,15,214.75,App,Visa,12.5000,2818.59375
2023-03-24,Sprouts Dikon,2023-05-18,11,198.74,Store,Cash,7.0000,2033.1102
2023-03-13,Pasta - Bauletti Chicken White,2023-05-10,9,210.88,Store,Cash,5.0000,1803.024
2023-04-08,Chicken - Ground,2023-04-29,12,91.7,Store,Cash,8.0000,1012.3680000000002
2023-04-10,Wine - White French Cross,2023-06-15,14,105.92,Store,Cash,6.0000,1393.9072
2023-05-05,Appetizer - Tarragon Chicken,2023-06-18,12,217.6,Store,Cash,7.0000,2428.4159999999997
2023-05-06,Phyllo Dough,2023-06-18,7,249.92,Store,Cash,5.0000,1661.9679999999998
2023-04-14,Cheese - Camembert,2023-05-21,6,75.17,App,Visa,10.0000,405.918
2023-05-01,Jam - Raspberry,2023-05-30,3,71.6,Store,Cash,1.0000,212.652
2023-05-12,Wine - Pinot Noir Mondavi Coastal,2023-05-16,15,114.42,Store,Cash,18.0000,1407.366
2023-05-04,Creamers - 10%,2023-07-13,16,182.77,App,Visa,15.0000,2485.672
2023-03-20,Wine - Chablis 2003 Champs,2023-05-26,10,88.12,Store,Cash,6.0000,828.328
2023-03-19,Wine - Rosso Del Veronese Igt,2023-06-17,10,110.96,Store,Cash,6.0000,1043.024
2023-04-25,Filter - Coffee,2023-06-27,12,48.79,Store,Visa,6.0000,550.3512
2023-03-13,Ice Cream Bar - Oreo Sandwich,2023-04-15,7,233.66,Store,Cash,5.0000,1553.8389999999997
2023-03-23,Ham - Proscuitto,2023-06-13,14,162.01,Store,Visa,28.5000,1621.7200999999998
2023-04-02,Juice - Apple 341 Ml,2023-04-06,9,65.97,App,Visa,18.0000,486.8586
2023-04-23,Magnotta Bel Paese Red,2023-06-28,4,9.69,App,Visa,5.0000,36.821999999999996
2023-04-12,Sauce Bbq Smokey,2023-05-21,1,111.91,Store,Cash,0.0000,111.91
2023-03-14,Mix Pina Colada,2023-05-18,11,132.35,Store,Visa,6.0000,1368.4989999999998
2023-03-29,Chicken - Whole Roasting,2023-06-09,3,226.77,App,Visa,5.0000,646.2945
2023-04-29,Sprouts - Peppercress,2023-07-28,15,83.76,App,Visa,12.5000,1099.3500000000001
2023-03-17,Sugar Thermometer,2023-06-08,9,35.86,Store,Cash,5.0000,306.603
2023-05-02,Butter - Pod,2023-05-25,9,6.64,App,Visa,8.5000,54.6804
2023-05-12,Garam Marsala,2023-06-09,8,42.36,Store,Cash,3.5000,327.0192
2023-05-08,Mudslide,2023-06-09,7,128.4,Store,Cash,5.0000,853.86
2023-03-17,Ecolab - Ster Bac,2023-06-03,7,127.84,Store,Visa,5.0000,850.136
2023-05-01,Noodles - Cellophane Thin,2023-07-14,17,171.0,Store,Cash,10.0000,2616.3
2023-04-16,Appetizer - Southwestern,2023-06-30,11,124.86,Store,Cash,7.0000,1277.3178
2023-04-21,Thyme - Dried,2023-06-29,3,85.66,App,Visa,5.0000,244.131
2023-04-19,Coffee - French Vanilla Frothy,2023-05-03,4,181.44,Store,Visa,10.5000,649.5552
2023-04-09,Ecolab - Solid Fusion,2023-07-06,4,11.47,Store,Cash,0.0000,45.88
2023-04-21,Sour Puss - Tangerine,2023-06-20,9,187.57,Store,Visa,5.0000,1603.7234999999998
2023-03-28,Napkin Colour,2023-06-01,3,95.55,Store,Cash,0.0000,286.65
2023-03-16,Passion Fruit,2023-04-13,5,47.25,Store,Visa,3.5000,227.98125
2023-04-21,Beef - Tenderloin Tails,2023-06-25,6,216.68,App,Visa,7.5000,1202.574
2023-05-06,Calypso - Strawberry Lemonade,2023-05-28,8,136.78,App,Visa,9.0000,995.7584
2023-05-03,Soupfoamcont12oz 112con,2023-07-21,13,60.32,Store,Visa,6.0000,737.1103999999999
2023-03-14,Fudge - Cream Fudge,2023-03-23,12,225.99,App,Visa,18.0000,2223.7416000000003
2023-05-10,Gingerale - Diet - Schweppes,2023-05-23,10,193.2,Store,Visa,12.0000,1700.16
2023-05-05,Trueblue - Blueberry 12x473ml,2023-07-19,3,51.38,Store,Cash,0.0000,154.14000000000001
2023-04-20,Calypso - Black Cherry Lemonade,2023-05-12,12,8.31,Store,Cash,7.5000,92.241
2023-05-07,Puree - Raspberry,2023-05-23,10,134.58,Store,Cash,10.5000,1204.4910000000002
2023-03-17,Pate - Cognac,2023-04-28,1,70.2,Store,Cash,0.0000,70.2
2023-04-07,Hipnotiq Liquor,2023-06-04,16,22.23,Store,Cash,10.0000,320.112
2023-04-04,Icecream - Dstk Cml And Fdg,2023-04-12,3,184.39,Store,Cash,22.0000,431.4726
2023-04-23,Muffin Mix - Carrot,2023-05-12,12,228.89,Store,Visa,9.0000,2499.4788
2023-04-25,Mushroom - Morels Dry,2023-06-14,15,50.24,Store,Visa,7.5000,697.08
2023-04-29,Foie Gras,2023-07-22,6,28.35,App,Visa,7.5000,157.34250000000003
2023-04-02,Pepperoni Slices,2023-04-30,8,130.02,Store,Visa,5.0000,988.152
2023-03-13,Cake - Sheet Strawberry,2023-05-03,11,218.23,Store,Cash,7.0000,2232.4928999999997
2023-04-25,Mahi Mahi,2023-05-22,6,17.81,App,Visa,7.5000,98.84549999999999
2023-03-13,Beans - Yellow,2023-04-14,17,138.42,Store,Cash,10.0000,2117.826
2023-04-17,Mushrooms - Honey,2023-06-05,4,144.18,App,Visa,5.0000,547.884
2023-04-23,Longos - Lasagna Beef,2023-05-27,12,236.92,Store,Cash,7.0000,2644.0272
2023-04-26,Food Colouring - Blue,2023-06-17,3,216.56,Store,Cash,0.0000,649.6800000000001
2023-05-04,Veal - Provimi Inside,2023-07-01,14,166.26,Store,Cash,7.0000,2164.7052
2023-04-22,Olive - Spread Tapenade,2023-06-03,6,188.99,Store,Visa,5.0000,1077.243
2023-04-04,Foil - Round Foil,2023-04-29,9,135.32,Store,Cash,5.0000,1156.9859999999999
2023-03-23,Scallops - U - 10,2023-04-29,16,15.66,Store,Cash,30.0000,175.392
2023-04-06,Bag - Bread White Plain,2023-05-10,16,108.67,Store,Cash,10.0000,1564.848
2023-05-06,Carbonated Water - Raspberry,2023-07-21,6,111.15,App,Visa,7.5000,616.8825000000002
2023-03-13,Wine - Segura Viudas Aria Brut,2023-04-12,12,70.29,Store,Visa,6.0000,792.8711999999999
2023-04-22,Amarula Cream,2023-04-28,13,50.37,App,Visa,19.5000,527.12205
2023-04-23,Salmon - Atlantic No Skin,2023-05-31,10,206.7,App,Visa,8.5000,1891.305
2023-04-19,Sugar Thermometer,2023-06-14,14,196.59,Store,Cash,7.0000,2559.6018
2023-04-03,Liqueur - Melon,2023-04-18,11,212.54,Store,Cash,11.0000,2080.7666
2023-04-25,Madeira,2023-07-18,14,129.0,Store,Cash,7.0000,1679.58
2023-04-27,Flower - Commercial Spider,2023-07-09,4,134.57,Store,Visa,5.0000,511.36599999999993
2023-03-19,Capon - Breast Double Wing On,2023-05-23,6,32.99,App,Visa,7.5000,183.0945
2023-04-11,Smoked Tongue,2023-06-19,11,116.12,Store,Visa,6.0000,1200.6808
2023-04-17,Apple - Fuji,2023-05-17,2,236.66,App,Visa,5.0000,449.654
2023-04-20,Pork - Bacon Double Smoked,2023-06-26,17,160.41,App,Visa,15.0000,2317.9244999999996
2023-04-27,Island Oasis - Peach Daiquiri,2023-06-14,8,21.59,App,Visa,7.5000,159.76600000000002
2023-04-29,Pepper - Chipotle Canned,2023-06-15,1,82.75,Store,Cash,0.0000,82.75
2023-04-25,Wine - Duboeuf Beaujolais,2023-07-09,8,231.85,Store,Cash,5.0000,1762.06
2023-04-08,Soup - Knorr Classic Can. Chili,2023-05-21,6,75.73,Store,Visa,5.0000,431.661
2023-04-24,Water - Spring Water 355 Ml,2023-07-08,9,246.21,App,Visa,7.5000,2049.69825
2023-03-23,Onions - Green,2023-05-02,17,71.44,App,Visa,35.0000,789.412
2023-04-18,Rice - Jasmine Sented,2023-06-24,13,145.71,Store,Cash,7.0000,1761.6338999999998
2023-04-29,Snapple Lemon Tea,2023-07-03,13,90.59,Store,Visa,6.0000,1107.0098
2023-05-11,Nut - Cashews Whole Raw,2023-06-06,9,123.2,Store,Visa,5.0000,1053.36
2023-04-07,Bread - Triangle White,2023-05-09,15,181.13,App,Visa,12.5000,2377.3312499999997
2023-04-26,Pasta - Rotini Colour Dry,2023-07-17,4,200.73,Store,Visa,5.0000,762.7739999999999
2023-03-29,Milk - Skim,2023-04-10,4,230.51,Store,Cash,18.0000,756.0728
2023-05-01,Beans - Green,2023-07-05,15,112.63,App,Visa,12.5000,1478.2687499999997
2023-04-21,Longos - Lasagna Beef,2023-05-14,9,247.62,Store,Cash,6.0000,2094.8651999999997
2023-04-27,Bread - Olive Dinner Roll,2023-06-04,8,2.23,App,Visa,7.5000,16.502
2023-03-19,Soup - French Can Pea,2023-06-09,10,86.47,Store,Visa,6.0000,812.818
2023-03-16,Corn Meal,2023-03-17,16,24.53,Store,Cash,19.5000,315.9464
2023-04-17,Jerusalem Artichoke,2023-06-15,4,203.16,Store,Visa,5.0000,772.0079999999999
2023-05-12,Ocean Spray - Kiwi Strawberry,2023-07-31,11,175.29,Store,Visa,6.0000,1812.4985999999997
2023-04-06,Silicone Parch. 16.3x24.3,2023-06-04,2,38.77,Store,Visa,5.0000,73.663
2023-05-06,Sachet,2023-05-14,5,81.34,Store,Cash,22.0000,317.22600000000006
2023-03-19,Spaghetti Squash,2023-03-30,9,10.77,Store,Cash,12.0000,85.2984
2023-04-11,Coffee Beans - Chocolate,2023-06-02,12,102.37,Store,Visa,6.0000,1154.7336
2023-04-26,Bread - Flat Bread,2023-05-29,13,245.49,App,Visa,11.0000,2840.3193
2023-04-20,Egg Patty Fried,2023-05-02,7,182.62,Store,Cash,11.5000,1131.3309000000002
2023-04-09,Grenadillo,2023-07-08,7,70.22,App,Visa,7.5000,454.67449999999997
2023-03-30,Island Oasis - Peach Daiquiri,2023-06-04,13,67.7,Store,Cash,7.0000,818.4929999999999
2023-04-12,Marsala - Sperone Fine D.o.c.,2023-04-22,12,113.77,Store,Cash,13.5000,1180.9326
2023-04-28,Snapple - Mango Maddness,2023-05-06,1,111.28,Store,Cash,22.0000,86.7984
2023-03-21,Wine - Sake,2023-04-09,11,125.98,App,Visa,13.0000,1205.6286
2023-05-07,Bread - Sticks Thin Plain,2023-05-30,16,133.65,Store,Cash,8.5000,1956.6360000000002
2023-04-28,Sugar - Fine,2023-05-02,12,109.82,Store,Cash,16.5000,1100.3963999999999
2023-04-15,Snapple Lemon Tea,2023-06-16,1,237.89,Store,Cash,0.0000,237.89
2023-04-24,Trout - Rainbow Fresh,2023-07-23,12,185.12,Store,Cash,7.0000,2065.9392
2023-03-29,Chutney Sauce - Mango,2023-06-13,8,216.72,Store,Visa,5.0000,1647.072
2023-04-01,Wine - Placido Pinot Grigo,2023-06-24,8,176.57,App,Visa,7.5000,1306.618
2023-04-02,Lobster - Live,2023-04-29,13,186.23,Store,Cash,5.0000,2299.9404999999997
2023-03-15,Pastry - Key Limepoppy Seed Tea,2023-03-20,4,112.38,Store,Visa,15.0000,382.092
2023-03-19,Pepper - Julienne Frozen,2023-04-19,2,236.64,Store,Visa,5.0000,449.61599999999993
2023-04-28,Tomatoes,2023-06-16,14,8.53,App,Visa,11.0000,106.28379999999999
2023-03-20,Water - Evian 355 Ml,2023-04-04,17,143.49,Store,Visa,12.5000,2134.4137499999997
2023-04-13,Beer - Maudite,2023-07-11,15,176.36,Store,Cash,10.0000,2380.86
2023-05-01,Bouillion - Fish,2023-07-30,6,91.44,Store,Cash,5.0000,521.208
2023-04-13,Edible Flower - Mixed,2023-06-17,11,58.36,App,Visa,11.0000,571.3444000000001
2023-04-13,Split Peas - Green Dry,2023-04-19,2,204.16,App,Visa,14.5000,349.11359999999996
2023-05-05,Fib N9 - Prague Powder,2023-07-09,1,4.5,Store,Cash,0.0000,4.5
2023-04-09,Pickle - Dill,2023-04-22,13,130.2,App,Visa,16.0000,1421.7839999999999
2023-03-30,Truffle Cups - Red,2023-04-04,13,143.75,App,Visa,20.0000,1495.0
2023-04-13,Broom - Angled,2023-06-23,17,243.87,Store,Cash,10.0000,3731.2110000000002
2023-03-30,Juice - Tomato 48 Oz,2023-06-26,6,15.79,Store,Visa,5.0000,90.00299999999999
2023-04-12,Sauce - Plum,2023-07-04,13,83.88,Store,Cash,7.0000,1014.1092
2023-04-16,Wine - Red Cabernet Merlot,2023-05-26,5,185.28,Store,Visa,5.0000,880.0799999999999
2023-05-02,Cheese - Brie Cups 125g,2023-05-30,14,96.63,App,Visa,12.5000,1183.7175
2023-03-26,Horseradish Root,2023-06-05,15,10.34,App,Visa,12.5000,135.7125
2023-04-23,Turnip - Wax,2023-06-15,15,94.8,Store,Cash,10.0000,1279.8
2023-03-23,Cumin - Ground,2023-06-20,9,20.97,Store,Visa,27.5000,136.82925
2023-04-02,Yogurt - Blueberry 175 Gr,2023-07-01,8,27.4,Store,Cash,5.0000,208.23999999999998
2023-04-06,Cinnamon Rolls,2023-04-17,5,71.47,Store,Visa,12.0000,314.468
2023-05-12,Wine - Vineland Estate Semi - Dry,2023-05-19,11,127.04,Store,Cash,15.0000,1187.824
2023-03-30,Dome Lid Clear P92008h,2023-04-19,2,122.41,Store,Cash,10.0000,220.338
2023-03-19,Beef - Cow Feet Split,2023-04-24,7,151.37,Store,Cash,5.0000,1006.6105000000001
2023-04-02,Mahi Mahi,2023-05-03,1,134.35,App,Visa,5.0000,127.6325
2023-03-27,Horseradish Root,2023-04-18,6,190.46,Store,Visa,6.5000,1068.4806
2023-04-21,Bread - Sour Batard,2023-07-14,5,140.94,App,Visa,5.0000,669.465
2023-04-15,Sprite Diet - 355ml,2023-06-11,16,135.29,App,Visa,15.0000,1839.9439999999997
2023-03-20,Eggplant Italian,2023-04-11,16,141.4,Store,Cash,9.0000,2058.784
2023-04-13,Pasta - Bauletti Chicken White,2023-06-05,8,233.12,Store,Cash,5.0000,1771.712
2023-05-01,Pastry - Key Limepoppy Seed Tea,2023-05-21,8,15.42,Store,Cash,7.5000,114.108
2023-04-17,Veal - Tenderloin Untrimmed,2023-05-10,14,191.97,Store,Cash,7.0000,2499.4494
2023-05-12,Bag - Regular Kraft 20 Lb,2023-07-03,11,24.42,App,Visa,11.0000,239.0718
2023-04-11,Crackers - Soda / Saltins,2023-06-12,13,54.93,Store,Cash,7.0000,664.1037
2023-03-29,Oysters - Smoked,2023-06-01,17,103.28,Store,Cash,10.0000,1580.184
2023-05-06,Water - Mineral Natural,2023-05-24,5,169.85,Store,Cash,12.0000,747.34
2023-03-21,Beef - Salted,2023-06-12,4,71.58,Store,Cash,0.0000,286.32
2023-04-07,Wine - Baron De Rothschild,2023-05-25,1,62.44,App,Visa,5.0000,59.318
2023-05-12,Juice - Pineapple 341 Ml,2023-08-04,2,146.2,App,Visa,5.0000,277.78
2023-05-04,Ice Cream Bar - Oreo Sandwich,2023-05-18,5,111.87,Store,Visa,10.5000,500.61825000000005
2023-04-07,Beef - Roasted Cooked,2023-05-11,14,41.46,Store,Cash,7.0000,539.8092
2023-03-29,Dates,2023-06-06,1,191.02,Store,Cash,0.0000,191.02
2023-04-19,Spice - Onion Powder Granulated,2023-07-18,6,43.22,Store,Cash,5.0000,246.35399999999998
2023-04-11,Creme De Cacao White,2023-05-07,13,71.63,Store,Visa,6.0000,875.3186
2023-03-23,Oil - Olive,2023-05-30,7,11.72,Store,Cash,27.5000,59.479
2023-03-29,Wine - White Concha Y Toro,2023-04-14,8,116.44,Store,Visa,9.5000,843.0256
2023-03-24,Wine - Bourgogne 2002 La,2023-05-03,2,164.81,Store,Cash,5.0000,313.139
2023-04-17,Bread - Rye,2023-05-08,12,158.12,App,Visa,12.0000,1669.7472
2023-03-24,Filter - Coffee,2023-04-19,10,103.78,App,Visa,8.5000,949.587
2023-05-12,Pasta - Lasagne Fresh,2023-06-30,16,179.14,Store,Cash,10.0000,2579.616
2023-05-07,Gherkin,2023-06-15,5,176.37,Store,Cash,0.0000,881.85
2023-04-22,Swordfish Loin Portions,2023-05-08,11,14.82,Store,Cash,10.5000,145.90290000000002
2023-05-02,Sausage - Chorizo,2023-07-31,15,38.38,App,Visa,12.5000,503.73750000000007
2023-04-21,Sauce - Soy Low Sodium - 3.87l,2023-05-24,17,112.69,Store,Cash,10.0000,1724.1570000000002
2023-04-18,Hinge W Undercut,2023-05-07,15,116.7,Store,Visa,10.5000,1566.6975
2023-04-15,Wine - Fino Tio Pepe Gonzalez,2023-07-08,11,121.46,App,Visa,11.0000,1189.0934
2023-04-06,Container - Foam Dixie 12 Oz,2023-05-05,3,187.58,App,Visa,5.0000,534.603
2023-04-10,Pastry - Baked Cinnamon Stick,2023-05-04,11,226.12,Store,Cash,6.5000,2325.6442
2023-04-28,Appetizer - Crab And Brie,2023-07-16,10,87.97,Store,Cash,7.0000,818.121
2023-05-07,Carbonated Water - White Grape,2023-05-28,14,241.26,Store,Cash,8.0000,3107.4288
2023-03-25,Wine - Vineland Estate Semi - Dry,2023-06-14,3,211.55,App,Visa,5.0000,602.9175
2023-04-02,Tomatoes - Yellow Hot House,2023-04-27,1,247.74,Store,Visa,5.0000,235.353
2023-04-27,Ice Cream - Turtles Stick Bar,2023-06-03,4,21.62,App,Visa,5.0000,82.156
2023-05-01,Lobster - Canned Premium,2023-05-22,3,213.03,App,Visa,7.0000,594.3537
2023-03-26,Tomatoes - Heirloom,2023-05-28,7,36.84,Store,Visa,5.0000,244.986
2023-05-03,Bread - Sour Batard,2023-05-12,4,233.47,Store,Cash,21.0000,737.7652
2023-04-27,Cheese - Briedanish,2023-05-31,17,138.49,Store,Cash,10.0000,2118.897
2023-05-10,Oil - Sunflower,2023-05-26,14,38.56,Store,Visa,10.5000,483.15680000000003
2023-04-27,Milkettes - 2%,2023-07-11,17,166.49,Store,Cash,10.0000,2547.297
2023-03-25,Mushroom - Shitake Dry,2023-05-11,6,205.6,Store,Visa,5.0000,1171.9199999999998
2023-03-24,Langers - Ruby Red Grapfruit,2023-06-04,17,238.93,Store,Cash,10.0000,3655.629
2023-05-07,Coffee - Frthy Coffee Crisp,2023-05-20,14,227.66,Store,Cash,12.0000,2804.7711999999997
2023-03-30,Wine - Touraine Azay - Le - Rideau,2023-04-12,9,199.39,Store,Visa,11.0000,1597.1138999999998
2023-03-25,Nantucket - 518ml,2023-05-26,13,164.42,App,Visa,11.0000,1902.3394
2023-04-23,Bar Mix - Lime,2023-06-01,10,86.94,Store,Cash,7.0000,808.5419999999999
2023-04-02,Brandy Apricot,2023-06-27,5,94.28,Store,Cash,0.0000,471.4
2023-05-09,Bread - English Muffin,2023-05-15,12,140.76,Store,Cash,15.5000,1427.3064
2023-04-03,Chevril,2023-05-29,11,49.01,App,Visa,11.0000,479.8079
2023-04-28,Cocoa Feuilletine,2023-05-19,4,47.61,Store,Cash,9.0000,173.3004
2023-03-18,Spinach - Packaged,2023-04-10,2,227.38,Store,Cash,7.0000,422.92679999999996
2023-05-11,Tea - Jasmin Green,2023-07-05,6,67.86,Store,Cash,5.0000,386.80199999999996
2023-05-06,The Pop Shoppe - Root Beer,2023-07-07,4,235.13,Store,Cash,0.0000,940.52
2023-03-27,Onions - Cippolini,2023-06-02,15,178.41,App,Visa,12.5000,2341.63125
2023-03-21,Wine - Magnotta - Cab Franc,2023-05-14,17,177.36,Store,Cash,7.5000,2788.9860000000003
2023-03-25,Chicken - Tenderloin,2023-04-26,15,96.03,Store,Cash,10.0000,1296.405
2023-04-15,Scallops - 10/20,2023-07-10,4,34.29,Store,Cash,0.0000,137.16
2023-03-20,Wine - Vovray Sec Domaine Huet,2023-05-12,3,156.18,Store,Cash,5.0000,445.113
2023-04-05,Lime Cordial - Roses,2023-05-19,11,207.53,App,Visa,11.0000,2031.7187
2023-05-10,Muffin Hinge 117n,2023-07-12,8,211.66,Store,Visa,5.0000,1608.616
2023-04-28,Beer - True North Lager,2023-05-15,17,189.56,Store,Cash,11.5000,2851.9302
2023-03-19,Wine - Red Pinot Noir Chateau,2023-05-09,6,194.58,Store,Cash,5.0000,1109.106
2023-03-28,Tomato Puree,2023-06-05,17,85.62,Store,Cash,10.0000,1309.986
2023-04-17,Pork - Ham Virginia,2023-07-01,17,137.5,App,Visa,15.0000,1986.875
2023-04-03,Jerusalem Artichoke,2023-06-15,16,105.14,App,Visa,15.0000,1429.904
2023-04-20,Wine - Touraine Azay - Le - Rideau,2023-06-08,7,64.66,App,Visa,7.5000,418.67350000000005
2023-04-20,Corn - Cream Canned,2023-06-14,7,39.27,Store,Cash,5.0000,261.1455
2023-03-15,Banana - Green,2023-05-13,1,125.19,App,Visa,5.0000,118.9305
2023-03-26,Wine - White Ej,2023-05-29,15,212.16,App,Visa,12.5000,2784.6
2023-04-14,Beer - Fruli,2023-06-27,13,246.13,App,Visa,11.0000,2847.7241
2023-03-26,Wine - Casillero Del Diablo,2023-04-03,2,56.7,App,Visa,13.5000,98.09100000000001
2023-03-13,Whmis Spray Bottle Graduated,2023-04-20,10,140.94,App,Visa,8.5000,1289.601
2023-04-02,Shrimp - 16 - 20 Cooked Peeled,2023-05-27,10,220.53,Store,Cash,7.0000,2050.929
2023-04-15,Water - Mineral Natural,2023-07-09,14,142.72,Store,Visa,6.0000,1878.1951999999999
2023-03-30,Versatainer Nc - 8288,2023-06-22,7,82.05,Store,Cash,5.0000,545.6325
2023-05-06,Wine - Tribal Sauvignon,2023-07-17,15,57.09,Store,Visa,7.5000,792.1237500000001
2023-04-16,Beef - Diced,2023-05-17,12,210.3,Store,Cash,7.0000,2346.9480000000003
2023-05-06,Wine - Shiraz South Eastern,2023-07-31,16,172.34,Store,Cash,7.5000,2550.632
2023-04-07,Fruit Salad Deluxe,2023-06-11,14,141.24,App,Visa,11.0000,1759.8504
2023-04-06,Pepper - Paprika Spanish,2023-05-28,7,72.15,App,Visa,7.5000,467.1712500000001
2023-04-29,Squid - Breaded,2023-06-07,6,2.65,Store,Cash,5.0000,15.104999999999999
2023-03-19,Beef - Kobe Striploin,2023-04-29,5,229.73,Store,Cash,0.0000,1148.6499999999999
2023-04-28,Salmon - Atlantic No Skin,2023-07-09,13,83.34,Store,Visa,6.0000,1018.4148
2023-04-24,Juice - Cranberry 341 Ml,2023-07-09,6,31.89,App,Visa,7.5000,176.98950000000002
2023-04-26,Skirt - 29 Foot,2023-07-02,7,6.35,App,Visa,7.5000,41.11625
2023-03-17,Lamb - Whole Frozen,2023-04-04,9,240.21,Store,Cash,8.5000,1978.12935
2023-04-10,Cheese - Havarti Roasted Garlic,2023-05-15,3,239.62,App,Visa,7.5000,664.9455
2023-05-10,Cheese - Goat,2023-05-15,14,65.09,App,Visa,20.0000,729.008
2023-03-27,Temperature Recording Station,2023-04-03,13,156.91,Store,Visa,15.0000,1733.8555
2023-05-07,Blueberries - Frozen,2023-07-04,2,213.94,Store,Cash,0.0000,427.88
2023-03-18,Shallots,2023-05-22,4,245.4,App,Visa,5.0000,932.52
2023-05-05,Bar Mix - Lemon,2023-05-30,6,109.11,Store,Visa,5.0000,621.9269999999999
2023-04-16,Vinegar - Balsamic White,2023-05-18,3,128.55,Store,Visa,5.0000,366.3675
2023-03-28,Pepper - Chipotle Canned,2023-05-05,9,163.06,Store,Visa,5.0000,1394.163
2023-04-22,Cheese - Marble,2023-05-12,3,40.72,Store,Cash,10.0000,109.944
2023-04-02,Sauce - Ranch Dressing,2023-04-05,5,138.93,App,Visa,16.0000,583.5060000000001
2023-03-17,Milk - Chocolate 250 Ml,2023-05-24,1,138.04,App,Visa,5.0000,131.13799999999998
2023-04-11,Soup - Base Broth Chix,2023-04-13,9,226.77,Store,Cash,16.5000,1704.17655
2023-03-13,Beef - Kindney Whole,2023-04-04,11,175.49,App,Visa,11.5000,1708.39515
2023-05-07,Bread - White Sliced,2023-06-21,15,89.84,Store,Cash,10.0000,1212.8400000000001
2023-05-08,Wine - Pinot Noir Stoneleigh,2023-06-03,14,88.48,App,Visa,11.0000,1102.4608
2023-03-19,Soup Campbells Split Pea And Ham,2023-03-24,16,220.6,Store,Cash,17.5000,2911.9199999999996
2023-04-19,Pike - Frozen Fillet,2023-07-17,3,246.97,Store,Cash,0.0000,740.91
2023-05-04,Edible Flower - Mixed,2023-07-18,6,27.77,Store,Visa,5.0000,158.289
2023-04-16,Bread - Corn Muffaleta Onion,2023-05-28,12,54.51,Store,Visa,6.0000,614.8728
2023-04-07,Ginger - Fresh,2023-04-20,11,129.22,App,Visa,16.0000,1193.9928
2023-03-26,Doilies - 7 Paper,2023-06-19,10,118.43,App,Visa,8.5000,1083.6345000000001
2023-05-07,Onions - White,2023-07-25,9,41.21,Store,Cash,5.0000,352.34549999999996
2023-04-12,Container - Hngd Cll Blk 7x7x3,2023-06-20,14,115.98,Store,Cash,7.0000,1510.0595999999998
2023-05-06,Oxtail - Cut,2023-07-19,15,53.93,Store,Cash,10.0000,728.0550000000001
2023-03-17,Juice Peach Nectar,2023-03-27,15,236.75,Store,Visa,15.0000,3018.5625
2023-04-01,Lamb Shoulder Boneless Nz,2023-04-24,2,44.85,Store,Cash,7.0000,83.42099999999999
2023-04-02,Crab - Claws Snow 16 - 24,2023-05-08,6,53.38,App,Visa,7.5000,296.259
2023-05-06,Muffin - Mix - Mango Sour Cherry,2023-05-21,1,120.46,Store,Cash,15.0000,102.39099999999999
2023-04-16,Soup - French Can Pea,2023-05-06,14,105.55,Store,Visa,8.5000,1352.0955000000001
2023-04-06,Pepper - Gypsy Pepper,2023-06-18,10,124.43,App,Visa,8.5000,1138.5345000000002
2023-05-08,Wooden Mop Handle,2023-07-16,17,221.12,Store,Visa,7.5000,3477.112
2023-04-10,Chilli Paste Ginger Garlic,2023-07-05,2,25.07,Store,Cash,0.0000,50.14
2023-03-24,Tomatoes - Roma,2023-05-11,14,65.78,App,Visa,11.0000,819.6188000000001
2023-04-18,Dried Peach,2023-04-29,15,218.55,Store,Cash,14.5000,2802.90375
2023-05-06,Lumpfish Black,2023-05-15,5,196.47,App,Visa,13.0000,854.6445
2023-05-01,Lettuce Romaine Chopped,2023-07-09,13,141.92,Store,Visa,6.0000,1734.2623999999996
2023-03-14,Danishes - Mini Raspberry,2023-05-06,12,163.31,Store,Cash,7.0000,1822.5395999999998
2023-04-15,Crush - Cream Soda,2023-05-15,1,174.23,App,Visa,5.0000,165.5185
2023-04-29,Cream - 35%,2023-05-11,10,105.23,Store,Cash,12.5000,920.7624999999999
2023-04-08,Sauerkraut,2023-05-14,14,164.65,App,Visa,11.0000,2051.5389999999998
2023-04-05,Cup Translucent 9 Oz,2023-04-20,15,173.74,App,Visa,15.0000,2215.1850000000004
2023-04-08,Cheese - Parmesan Grated,2023-05-29,5,204.0,Store,Visa,7.5000,943.5
2023-04-22,Pastry - Mini French Pastries,2023-05-23,5,128.64,App,Visa,5.0000,611.0399999999998
2023-04-26,Cape Capensis - Fillet,2023-05-05,7,36.43,App,Visa,15.5000,215.48344999999998
2023-04-21,Ocean Spray - Ruby Red,2023-06-28,7,82.37,Store,Cash,5.0000,547.7605
2023-04-23,Veal - Insides Grains,2023-07-04,9,194.02,Store,Cash,5.0000,1658.871
2023-04-03,Squid - Breaded,2023-04-25,2,131.02,Store,Cash,8.0000,241.07680000000002
2023-04-01,Initation Crab Meat,2023-05-26,6,98.29,Store,Cash,5.0000,560.2529999999999
2023-03-30,Pate - Liver,2023-05-31,17,92.53,App,Visa,15.0000,1337.0584999999999
2023-05-06,Pasta - Penne Rigate Dry,2023-05-16,16,221.46,Store,Cash,15.0000,3011.856
2023-04-07,Samosa - Veg,2023-06-19,13,233.69,Store,Cash,7.0000,2825.3120999999996
2023-03-15,Trueblue - Blueberry 12x473ml,2023-05-11,9,72.06,App,Visa,7.5000,599.8995
2023-04-17,Wine - German Riesling,2023-04-20,13,248.89,App,Visa,21.0000,2556.1003
2023-04-07,Amarula Cream,2023-04-16,2,239.54,Store,Cash,21.0000,378.4732
2023-04-17,Pastrami,2023-05-17,3,35.53,Store,Cash,0.0000,106.59
2023-04-10,Blue Curacao - Marie Brizard,2023-06-28,3,175.6,Store,Cash,0.0000,526.8
2023-03-20,Straws - Cocktale,2023-03-26,10,3.89,Store,Visa,15.5000,32.8705
2023-04-12,Rabbit - Frozen,2023-04-22,13,149.54,App,Visa,17.5000,1603.8165
2023-04-25,Wine - Domaine Boyar Royal,2023-05-20,5,144.9,Store,Visa,5.0000,688.275
2023-03-24,Tomatoes - Roma,2023-04-30,5,192.52,App,Visa,5.0000,914.47
2023-03-25,Pork - Loin Bone - In,2023-06-16,17,29.49,Store,Visa,7.5000,463.73025
2023-04-04,Beef - Ox Tongue Pickled,2023-04-09,15,203.57,Store,Cash,17.5000,2519.1787499999996
2023-03-14,Cup - Translucent 7 Oz Clear,2023-06-02,3,42.68,Store,Cash,0.0000,128.04
2023-04-12,Canadian Emmenthal,2023-04-29,11,35.42,Store,Visa,10.0000,350.658
2023-04-10,Propel Sport Drink,2023-07-09,10,221.83,Store,Cash,7.0000,2063.0190000000002
2023-04-26,Langers - Mango Nectar,2023-05-24,16,101.45,App,Visa,15.0000,1379.72
2023-04-07,Sour Puss Sour Apple,2023-05-24,1,236.57,App,Visa,5.0000,224.74149999999997
2023-04-11,Pomello,2023-06-04,13,60.39,Store,Cash,7.0000,730.1151
2023-03-27,Cheese Cloth No 100,2023-05-25,17,186.2,App,Visa,15.0000,2690.5899999999997
2023-03-20,Bread Base - Italian,2023-06-01,9,238.44,App,Visa,7.5000,1985.0130000000001
2023-05-12,Soup - Campbells Lentil,2023-05-15,3,22.39,App,Visa,16.0000,56.4228
2023-03-13,Pepper - Black Crushed,2023-04-30,13,102.37,Store,Cash,7.0000,1237.6533
2023-05-04,Salt - Seasoned,2023-05-08,6,24.64,Store,Cash,15.5000,124.9248
2023-03-30,Cheese - La Sauvagine,2023-05-17,10,205.46,Store,Cash,8.5000,1879.959
2023-04-10,Wine - Pinot Noir Latour,2023-05-03,1,120.14,Store,Cash,6.0000,112.93159999999999
2023-03-14,Sprouts - Peppercress,2023-06-03,5,2.57,App,Visa,5.0000,12.2075
2023-03-26,Numi - Assorted Teas,2023-05-14,10,88.54,Store,Cash,7.0000,823.422
2023-03-29,Sambuca Cream,2023-05-05,12,75.83,App,Visa,11.0000,809.8644
2023-05-08,Lemonade - Mandarin 591 Ml,2023-06-16,15,137.07,Store,Cash,10.0000,1850.4449999999997
2023-03-22,Melon - Watermelon Seedless,2023-06-19,10,41.32,Store,Cash,7.0000,384.27599999999995
2023-04-24,Rice Paper,2023-05-15,12,59.57,App,Visa,12.0000,629.0592
2023-04-18,Fruit Salad Deluxe,2023-06-22,8,238.06,Store,Visa,5.0000,1809.2559999999999
2023-04-20,Mortadella,2023-06-11,6,230.36,App,Visa,7.5000,1278.498
2023-03-25,Sausage - Meat,2023-04-18,4,30.89,App,Visa,5.5000,116.7642
2023-05-01,Wine - Fino Tio Pepe Gonzalez,2023-06-01,9,131.13,App,Visa,7.5000,1091.6572500000002
2023-03-18,Cheese - St. Andre,2023-06-16,7,167.82,App,Visa,10.0000,1057.266
2023-03-17,Oil - Coconut,2023-05-02,17,121.19,Store,Visa,7.5000,1905.7127500000001
2023-04-08,Soup - Campbells Broccoli,2023-06-22,1,144.03,Store,Visa,5.0000,136.8285
2023-04-19,Cranberries - Dry,2023-07-09,3,139.58,Store,Visa,5.0000,397.803
2023-05-11,Ezy Change Mophandle,2023-06-09,8,129.63,Store,Cash,3.0000,1005.9287999999999
2023-05-04,Gherkin,2023-07-08,8,37.53,App,Visa,7.5000,277.72200000000004
2023-04-17,Carbonated Water - Raspberry,2023-04-24,12,87.07,Store,Cash,15.0000,888.1139999999999
2023-04-13,Cornstarch,2023-05-14,8,245.26,Store,Cash,5.0000,1863.9759999999999
2023-04-19,Iced Tea Concentrate,2023-06-12,6,163.04,App,Visa,7.5000,904.8720000000001
2023-04-18,Pasta - Rotini Colour Dry,2023-04-24,4,20.13,Store,Cash,24.0000,61.1952
2023-04-14,Sour Puss Raspberry,2023-06-07,8,38.32,App,Visa,7.5000,283.56800000000004
2023-04-24,Bread Country Roll,2023-05-19,2,75.17,Store,Cash,5.0000,142.823
2023-03-16,Apple - Fuji,2023-05-21,15,16.35,App,Visa,12.5000,214.59375000000003
2023-04-27,Soup - Boston Clam Chowder,2023-06-07,6,148.72,Store,Cash,5.0000,847.704
2023-04-14,Trout - Smoked,2023-07-08,4,143.96,Store,Cash,0.0000,575.84
2023-04-09,Beer - Camerons Cream Ale,2023-05-21,10,57.34,App,Visa,8.5000,524.6610000000001
2023-04-25,Juice - Orange 341 Ml,2023-06-14,17,178.63,Store,Cash,10.0000,2733.039
2023-04-09,Pike - Frozen Fillet,2023-06-22,2,119.96,Store,Cash,0.0000,239.92
2023-05-02,Crab - Imitation Flakes,2023-05-05,1,206.65,Store,Cash,27.0000,150.8545
2023-03-19,Bag Clear 10 Lb,2023-04-08,13,41.04,Store,Cash,8.5000,488.1708
2023-05-10,Wine - Mas Chicet Rose Vintage,2023-07-15,10,102.28,Store,Cash,6.0000,961.4319999999999
2023-05-04,Yoghurt Tubes,2023-06-10,17,150.47,App,Visa,15.0000,2174.2915
2023-03-17,Milk - Skim,2023-04-19,13,75.7,Store,Cash,7.0000,915.213
2023-05-03,Toothpick Frilled,2023-05-06,2,249.77,App,Visa,16.0000,419.6136
2023-04-06,Table Cloth 120 Round White,2023-06-07,5,126.5,Store,Cash,0.0000,632.5
2023-04-09,Vinegar - Balsamic,2023-07-08,14,218.9,App,Visa,11.0000,2727.494
2023-03-24,Canadian Emmenthal,2023-05-10,15,226.6,Store,Visa,7.5000,3144.0750000000003
2023-03-16,Cookies - Oreo 4 Pack,2023-05-26,2,167.88,Store,Cash,0.0000,335.76
2023-05-10,Wine - Red Cooking,2023-06-08,12,117.64,Store,Cash,6.0000,1326.9792
2023-04-09,Appetizer - Asian Shrimp Roll,2023-06-16,12,16.79,App,Visa,11.0000,179.31719999999999
2023-03-30,Rum - Cream Amarula,2023-06-13,1,134.62,Store,Visa,5.0000,127.889
2023-03-15,Lettuce - Frisee,2023-03-21,9,55.73,Store,Cash,14.5000,428.84235
2023-04-20,Broom And Broom Rack White,2023-07-19,6,104.25,Store,Cash,5.0000,594.225
2023-03-14,Squash - Acorn,2023-06-05,11,128.64,Store,Cash,7.0000,1315.9871999999998
2023-04-25,Water - Spring Water 355 Ml,2023-07-16,14,221.91,Store,Cash,7.0000,2889.2681999999995
2023-04-02,Beans - Black Bean Dry,2023-05-19,17,27.22,Store,Cash,10.0000,416.466
2023-04-26,Gatorade - Orange,2023-06-09,16,89.79,Store,Cash,10.0000,1292.976
2023-04-13,Beer - Labatt Blue,2023-05-13,6,39.62,Store,Cash,5.0000,225.83399999999997
2023-05-08,Soup - Campbells Beef Strogonoff,2023-07-19,9,198.75,Store,Visa,5.0000,1699.3125
2023-04-21,Pears - Fiorelle,2023-05-08,12,214.24,Store,Cash,10.0000,2313.7920000000004
2023-05-03,Pumpkin - Seed,2023-05-20,12,207.73,Store,Cash,10.0000,2243.484
2023-04-27,Cookie Dough - Peanut Butter,2023-05-20,13,209.91,App,Visa,11.0000,2428.6587
2023-04-03,Cheese - Le Cheve Noir,2023-06-01,15,30.15,App,Visa,12.5000,395.71875
2023-03-17,Seaweed Green Sheets,2023-06-07,5,92.83,Store,Visa,5.0000,440.94249999999994
2023-05-01,Truffle Paste,2023-05-16,13,56.91,App,Visa,15.0000,628.8554999999999
2023-04-24,Mcguinness - Blue Curacao,2023-06-08,17,101.32,Store,Visa,7.5000,1593.2569999999998
2023-03-21,Sugar - White Packet,2023-06-18,7,74.82,Store,Cash,5.0000,497.553
2023-03-20,Mushroom - Porcini Frozen,2023-04-15,1,168.44,Store,Cash,4.0000,161.70239999999998
2023-04-09,Bread - Multigrain Loaf,2023-06-17,1,26.95,Store,Cash,0.0000,26.95
2023-04-11,Wine - Magnotta White,2023-05-25,9,165.52,App,Visa,7.5000,1377.9540000000002
2023-05-04,Southern Comfort,2023-05-19,12,209.5,Store,Cash,11.0000,2237.46
2023-04-02,Bread Base - Italian,2023-04-30,12,215.82,Store,Cash,4.5000,2473.2972
2023-03-19,Wine - Ruffino Chianti,2023-04-23,12,249.0,Store,Cash,6.0000,2808.72
2023-03-21,Rice - 7 Grain Blend,2023-05-25,3,92.48,Store,Visa,5.0000,263.568
2023-05-09,Split Peas - Yellow Dry,2023-06-24,5,45.82,Store,Cash,0.0000,229.1
2023-04-27,Oil - Olive Bertolli,2023-07-10,8,27.11,Store,Visa,5.0000,206.03599999999997
2023-03-26,Lamb - Whole Head Off,2023-04-01,16,43.78,Store,Cash,17.0000,581.3984
2023-03-29,Basil - Dry Rubbed,2023-06-22,14,62.45,Store,Cash,7.0000,813.099
2023-05-01,Kiwi Gold Zespri,2023-07-01,4,8.94,Store,Cash,0.0000,35.76
2023-04-08,Cheese - Marble,2023-04-30,1,123.76,App,Visa,9.0000,112.62160000000002
2023-03-21,Maple Syrup,2023-05-21,10,94.95,Store,Visa,6.0000,892.53
2023-04-21,Mushroom - Shitake Fresh,2023-07-09,8,142.17,Store,Cash,5.0000,1080.492
2023-04-27,Wine - Tio Pepe Sherry Fino,2023-06-06,8,200.62,Store,Cash,5.0000,1524.712
2023-03-19,Bread - Italian Roll With Herbs,2023-04-14,4,89.82,Store,Cash,4.0000,344.9088
2023-03-16,Sausage - Meat,2023-05-28,3,78.98,App,Visa,5.0000,225.093
2023-03-21,Cheese - Stilton,2023-04-14,10,151.5,Store,Cash,8.5000,1386.2250000000001
2023-03-19,Coconut - Whole,2023-04-28,5,82.22,Store,Visa,5.0000,390.545
2023-05-01,Sauce Bbq Smokey,2023-05-04,8,214.28,Store,Cash,16.0000,1439.9615999999999
2023-03-21,Soup - Campbells Beef Noodle,2023-04-13,4,37.25,Store,Cash,7.0000,138.57
2023-03-30,Pop - Club Soda Can,2023-05-22,7,44.56,Store,Cash,5.0000,296.324
2023-05-05,Vinegar - Balsamic,2023-06-22,3,69.39,Store,Visa,5.0000,197.7615
2023-05-01,Soup - Verve - Chipotle Chicken,2023-05-27,12,110.59,Store,Cash,5.5000,1254.0905999999998
2023-05-01,Wasabi Powder,2023-07-15,1,150.94,Store,Visa,5.0000,143.393
2023-04-20,Beans - Turtle Black Dry,2023-06-18,16,30.29,Store,Cash,10.0000,436.176
2023-04-25,Pastry - Mini French Pastries,2023-07-04,1,224.65,Store,Cash,0.0000,224.65
2023-04-22,Muffin Mix - Oatmeal,2023-05-22,4,149.11,Store,Cash,0.0000,596.44
2023-04-02,Pasta - Cheese / Spinach Bauletti,2023-06-09,10,8.58,App,Visa,10.0000,77.22
2023-04-24,7up Diet 355 Ml,2023-05-17,6,9.96,Store,Cash,6.0000,56.1744
2023-05-06,Soup Campbells Turkey Veg.,2023-06-23,5,59.82,Store,Cash,0.0000,299.1
2023-03-23,Muffin - Zero Transfat,2023-04-20,11,66.71,App,Visa,32.5000,495.32175
2023-04-27,Rum - White Gg White,2023-07-06,17,230.88,Store,Cash,10.0000,3532.464
2023-04-02,Arizona - Green Tea,2023-06-05,16,229.55,Store,Visa,7.5000,3397.34
2023-04-05,Tart Shells - Sweet 4,2023-05-06,3,67.73,Store,Cash,0.0000,203.19
2023-05-02,Bread - Malt,2023-05-15,14,144.88,Store,Cash,12.0000,1784.9216
2023-04-03,Milk - Buttermilk,2023-04-27,4,166.99,Store,Cash,6.0000,627.8824
2023-04-03,Brandy - Orange Mc Guiness,2023-05-03,7,130.18,App,Visa,7.5000,842.9155000000001
2023-04-11,Wheat - Soft Kernal Of Wheat,2023-06-04,5,124.96,Store,Cash,0.0000,624.8
2023-04-04,Snails - Large Canned,2023-04-25,14,24.1,App,Visa,12.0000,296.91200000000003
2023-04-11,Garbag Bags - Black,2023-05-20,12,77.24,Store,Visa,6.0000,871.2671999999999
2023-03-29,Persimmons,2023-05-09,5,136.79,App,Visa,5.0000,649.7524999999999
2023-03-14,Salmon Atl.whole 8 - 10 Lb,2023-04-20,8,156.61,App,Visa,7.5000,1158.9140000000002
2023-03-30,Soup - Campbells Mushroom,2023-04-27,7,109.53,App,Visa,7.5000,709.20675
2023-04-29,Soup - Campbells Cream Of,2023-05-21,4,112.28,Store,Cash,8.0000,413.1904
2023-04-10,Stainless Steel Cleaner Vision,2023-07-08,16,189.18,Store,Cash,10.0000,2724.192
2023-05-01,Juice - Ocean Spray Cranberry,2023-05-27,7,166.35,Store,Cash,4.5000,1112.04975
2023-03-31,Beets,2023-04-29,16,147.22,App,Visa,15.0000,2002.192
2023-04-04,Fish - Base Bouillion,2023-05-10,4,118.02,App,Visa,5.0000,448.47599999999994
2023-03-26,Bread - Crumbs Bulk,2023-06-02,13,43.03,App,Visa,11.0000,497.8571
2023-03-16,Sauce Bbq Smokey,2023-03-21,12,10.45,Store,Visa,16.0000,105.33599999999998
2023-03-17,Basil - Pesto Sauce,2023-05-09,2,68.81,App,Visa,5.0000,130.739
2023-04-17,Macaroons - Two Bite Choc,2023-04-19,4,16.93,App,Visa,16.5000,56.5462
2023-04-22,Plaintain,2023-07-07,11,238.69,Store,Visa,6.0000,2468.0546
2023-04-04,Cookies Almond Hazelnut,2023-06-12,5,38.24,Store,Visa,5.0000,181.64000000000001
2023-04-27,Pear - Asian,2023-07-20,14,243.82,App,Visa,11.0000,3037.9972000000002
2023-04-23,Long Island Ice Tea,2023-04-30,3,104.64,Store,Visa,14.0000,269.9712
2023-03-14,Cheese - St. Paulin,2023-05-22,5,8.91,Store,Cash,10.0000,40.095
2023-04-10,Plate Pie Foil,2023-05-13,13,214.06,Store,Visa,6.0000,2615.8132
2023-03-22,Scallops - 20/30,2023-05-24,14,202.69,Store,Cash,7.0000,2639.0237999999995
2023-04-16,Lettuce - Spring Mix,2023-06-24,15,156.02,Store,Visa,7.5000,2164.7775
2023-03-27,Rosemary - Dry,2023-04-06,11,108.69,App,Visa,17.5000,986.3617499999999
2023-04-13,Chicken Breast Halal,2023-04-28,1,178.75,Store,Cash,15.0000,151.9375
2023-04-01,Nescafe - Frothy French Vanilla,2023-05-05,12,39.98,Store,Cash,7.0000,446.17679999999996
2023-03-18,Bread - Raisin Walnut Oval,2023-03-30,5,137.17,Store,Cash,18.0000,562.3969999999999
2023-04-13,Kahlua,2023-04-24,7,46.35,App,Visa,14.5000,277.40475
2023-04-07,Bread - Roll Soft White Round,2023-04-09,7,196.49,Store,Cash,16.5000,1148.48405
2023-04-14,7up Diet 355 Ml,2023-06-20,15,123.85,Store,Cash,10.0000,1671.9750000000001
2023-03-21,Chinese Foods - Plain Fried Rice,2023-03-30,16,227.83,Store,Cash,15.5000,3080.2616000000003
2023-04-10,Chicken - Whole,2023-06-20,15,2.58,Store,Cash,10.0000,34.830000000000005
2023-04-17,Goldschalger,2023-06-08,1,210.04,Store,Cash,0.0000,210.04
2023-04-11,External Supplier,2023-05-31,5,142.72,Store,Cash,0.0000,713.6
2023-04-02,Wine - Coteaux Du Tricastin Ac,2023-06-04,14,150.4,App,Visa,11.0000,1873.984
2023-03-19,Vol Au Vents,2023-05-26,1,182.95,Store,Cash,0.0000,182.95
2023-04-30,Mushrooms - Honey,2023-05-18,15,129.55,Store,Cash,11.0000,1729.4925000000003
2023-05-08,Tomatoes Tear Drop Yellow,2023-07-15,12,157.22,Store,Visa,6.0000,1773.4415999999999
2023-04-24,Nut - Pecan Halves,2023-06-18,14,153.77,Store,Cash,7.0000,2002.0854000000002
2023-03-25,Yoplait Drink,2023-04-15,4,104.59,App,Visa,7.0000,389.0748
2023-04-01,Wine - Magnotta - Cab Franc,2023-06-16,1,130.59,App,Visa,5.0000,124.06049999999999
2023-04-18,Goat - Whole Cut,2023-05-03,1,151.8,Store,Cash,15.0000,129.03
2023-04-01,Oil - Pumpkinseed,2023-06-09,1,237.3,Store,Cash,0.0000,237.3
2023-04-13,Cookie Trail Mix,2023-05-19,14,172.88,Store,Cash,7.0000,2250.8976
2023-04-25,Veal - Bones,2023-05-20,5,138.77,App,Visa,5.0000,659.1575
2023-05-01,Goulash Seasoning,2023-06-15,15,164.89,App,Visa,12.5000,2164.18125
2023-04-27,Buffalo - Striploin,2023-07-24,2,101.45,Store,Visa,5.0000,192.755
2023-04-29,Juice - Lagoon Mango,2023-06-30,13,234.01,Store,Cash,7.0000,2829.1809
2023-03-30,Milk - Chocolate 250 Ml,2023-04-05,12,133.88,App,Visa,19.5000,1293.2807999999998
2023-05-10,Flower - Leather Leaf Fern,2023-07-19,10,245.38,Store,Visa,6.0000,2306.572
2023-04-04,Fish - Soup Base Bouillon,2023-04-28,9,95.57,App,Visa,8.0000,791.3195999999999
2023-05-12,Silicone Paper 16.5x24,2023-07-08,11,145.99,App,Visa,11.0000,1429.2421000000002
2023-05-12,Red Currants,2023-07-11,17,208.22,Store,Visa,7.5000,3274.2595
2023-05-01,Lamb - Shanks,2023-05-14,14,205.98,App,Visa,16.0000,2422.3248
2023-03-17,Coriander - Seed,2023-04-16,15,60.88,Store,Visa,7.5000,844.71
2023-03-24,Pepper - Sorrano,2023-05-28,7,198.13,Store,Cash,5.0000,1317.5644999999997
2023-03-30,Ecolab - Hobart Upr Prewash Arm,2023-05-22,16,11.52,Store,Cash,10.0000,165.888
2023-04-17,Oil - Coconut,2023-06-11,13,227.47,Store,Cash,7.0000,2750.1123
2023-04-14,Juice - Orange 1.89l,2023-04-17,16,246.62,Store,Visa,18.5000,3215.9248
2023-04-03,Fennel - Seeds,2023-04-12,10,25.65,Store,Cash,14.0000,220.59
2023-03-22,Lotus Rootlets - Canned,2023-05-15,17,11.33,Store,Cash,10.0000,173.34900000000002
2023-03-21,Chocolate - Chips Compound,2023-05-13,9,2.21,Store,Visa,5.0000,18.8955
2023-05-08,Bagel - Everything,2023-07-14,14,14.0,Store,Cash,7.0000,182.28
2023-03-23,Beef - Sushi Flat Iron Steak,2023-05-08,3,165.0,Store,Visa,27.5000,358.875
2023-04-08,Cheese - Colby,2023-05-20,2,178.87,App,Visa,7.5000,330.90950000000004
2023-03-27,Bagel - Sesame Seed Presliced,2023-04-23,14,56.25,Store,Cash,5.0000,748.125
2023-04-03,Tomatoes - Cherry,2023-04-16,15,149.69,App,Visa,16.0000,1886.0939999999998
2023-03-26,Pastry - Banana Muffin - Mini,2023-05-19,4,113.46,Store,Visa,5.0000,431.14799999999997
2023-03-23,Cheese - Cream Cheese,2023-06-10,9,76.68,Store,Cash,30.0000,483.08400000000006
2023-04-18,Pork Casing,2023-06-29,2,18.75,App,Visa,5.0000,35.625
2023-04-05,Wine - Puligny Montrachet A.,2023-06-08,2,99.6,App,Visa,5.0000,189.23999999999998
2023-04-29,Soup - Clam Chowder Dry Mix,2023-05-14,17,93.42,App,Visa,17.5000,1310.2155
2023-03-20,Pork - Smoked Kassler,2023-05-28,15,3.52,Store,Cash,10.0000,47.519999999999996
2023-04-23,Cardamon Ground,2023-07-09,3,117.79,App,Visa,5.0000,335.7015
2023-05-12,Island Oasis - Lemonade,2023-05-16,7,30.26,App,Visa,18.0000,173.69240000000002
2023-04-21,Coffee Beans - Chocolate,2023-04-26,9,19.46,App,Visa,17.5000,144.4905
2023-03-21,Glucose,2023-06-04,11,60.92,App,Visa,11.0000,596.4068
2023-04-20,Beef - Tongue Cooked,2023-05-13,15,13.78,Store,Visa,8.5000,189.13049999999998
2023-03-25,Table Cloth 62x120 Colour,2023-05-15,17,26.57,App,Visa,15.0000,383.93649999999997
2023-03-31,Gatorade - Orange,2023-05-15,4,154.15,Store,Cash,0.0000,616.6
2023-05-07,Pasta - Lasagna Dry,2023-07-31,7,80.81,Store,Cash,5.0000,537.3865000000001
2023-04-19,Soup - Cream Of Broccoli,2023-05-03,15,162.26,Store,Visa,13.0000,2117.4929999999995
2023-04-06,Sambuca - Ramazzotti,2023-07-05,11,191.82,App,Visa,11.0000,1877.9178
2023-04-28,Wine - Kwv Chenin Blanc South,2023-06-16,10,8.87,App,Visa,8.5000,81.1605
2023-04-06,Wine - Manischewitz Concord,2023-04-16,1,5.39,App,Visa,12.5000,4.71625
2023-05-02,Cookie Dough - Double,2023-06-18,11,169.19,Store,Cash,7.0000,1730.8136999999997
2023-05-03,Beef - Bresaola,2023-05-09,6,91.29,App,Visa,17.0000,454.62420000000003
2023-04-13,Smoked Paprika,2023-06-22,1,202.23,App,Visa,5.0000,192.11849999999998
2023-04-22,Puree - Blackcurrant,2023-07-07,15,10.48,Store,Cash,10.0000,141.48000000000002
2023-05-03,Pepper - Chillies Crushed,2023-06-19,17,72.58,App,Visa,15.0000,1048.781
2023-04-22,Tea - English Breakfast,2023-06-21,16,6.63,Store,Visa,7.5000,98.12400000000001
2023-04-23,Mustard - Individual Pkg,2023-07-04,7,198.68,App,Visa,7.5000,1286.453
2023-04-01,Cheese - Goat,2023-05-25,5,213.05,Store,Cash,10.0000,958.725
2023-04-25,Swiss Chard,2023-05-25,1,242.97,Store,Cash,0.0000,242.97
2023-03-26,Juice - Apple 284ml,2023-04-22,17,30.02,Store,Cash,6.5000,477.16790000000003
2023-04-08,Dip - Tapenade,2023-05-15,15,188.33,App,Visa,12.5000,2471.83125
2023-04-18,Horseradish - Prepared,2023-05-06,6,164.86,App,Visa,11.0000,880.3524000000001
2023-04-27,Bar Mix - Pina Colada 355 Ml,2023-07-12,15,86.4,App,Visa,12.5000,1134.0
2023-03-22,Wine - White Riesling Semi - Dry,2023-06-08,1,102.32,App,Visa,5.0000,97.204
2023-03-25,Chicken - Leg / Back Attach,2023-06-20,7,38.09,Store,Visa,5.0000,253.2985
2023-05-07,Radish - Pickled,2023-06-01,16,243.4,Store,Visa,7.5000,3602.32
2023-03-23,Mushroom - Chantrelle Fresh,2023-04-06,5,19.92,App,Visa,33.0000,66.732
2023-04-11,Chicken - White Meat With Tender,2023-07-01,9,69.71,App,Visa,7.5000,580.33575
2023-04-21,Shrimp - Black Tiger 13/15,2023-07-10,17,101.43,Store,Cash,10.0000,1551.8790000000001
2023-04-14,Food Colouring - Pink,2023-05-27,4,91.88,Store,Cash,0.0000,367.52
2023-04-27,Chicken - Breast 5 - 7 Oz,2023-06-15,15,192.27,Store,Cash,10.0000,2595.6450000000004
2023-03-24,Blueberries,2023-05-27,3,16.26,Store,Cash,0.0000,48.78
2023-04-25,Wine - Charddonnay Errazuriz,2023-05-27,12,109.45,App,Visa,11.0000,1168.